image,labels
20151127_130005,"['bread', 'pizzoccheri', 'potatoes', 'savory_pie']"
20151204_121047,['lasagna_bolognese']
20151204_121641,['lasagna_bolognese']
20151211_134539_2,"['bread', 'pasta', 'fillet_fish', 'potatoes', 'green_beans', 'yogurt']"
20151130_114633_1,"['bread', 'pasta', 'meat', 'peas']"
20151204_130615_2,"['pasta', 'fennel_gratin', 'carrot']"
20151221_115609,"['tangerine', 'tangerine', 'orange', 'pizza']"
20151211_132926,"['pudding', 'pasta', 'savory_pie', 'potatoes']"
20151204_121520_2,"['orange', 'pasta', 'scallops', 'fennel_gratin']"
20151211_125042_1,"['rice', 'savory_pie', 'potatoes', 'green_beans', 'banana']"
20151204_130733,['pasta']
20151204_132509_1,"['yogurt', 'pasta', 'cutlet', 'fennel_gratin', 'carrot']"
20151211_120256,"['yogurt', 'pasta', 'savory_pie', 'potatoes']"
20151204_132239_1,"['spinach', 'salty_cake']"
20151221_130014_2,"['bread', 'pears', 'carrot', 'scallops', 'rice']"
20151203_124923_3,"['bread', 'pasta', 'squid_stew', 'carrot']"
20151127_125520_3,"['tangerine', 'tangerine', 'apple', 'salad', 'pasta']"
20151211_140232,"['green_beans', 'pizza']"
20151130_120059,"['tangerine', 'meat']"
20151221_121154_2,"['bread', 'rice', 'salty_cake', 'wet_zucchini']"
20151204_132341,"['bread', 'pasta', 'pudding', 'salty_cake', 'spinach']"
20151204_131728_2,"['yogurt', 'pasta', 'salty_cake', 'carrot']"
20151130_121414,"['savory_pie', 'peas']"
20151211_135540_1,"['bread', 'pudding', 'pasta', 'fillet_fish', 'potatoes']"
20151204_133650,"['pears', 'pizza']"
20151204_123442_2,"['bread', 'pasta', 'salad']"
20151211_141344_1,"['rice', 'fillet_fish', 'green_beans']"
20151221_123252_3,"['bread', 'salad', 'salmon']"
20151127_122910,['pasta']
20151127_132932,"['bread', 'pasta']"
20151127_125858,"['tangerine', 'tangerine', 'tangerine', 'bread', 'bread', 'pizzoccheri', 'potatoes', 'meat']"
20151130_114034_2,"['bread', 'cutlet', 'fries', 'cake']"
20151204_123518_1,"['apple', 'lasagna_bolognese', 'cutlet', 'fennel_gratin']"
20151203_130633_3,"['bread', 'pasta', 'squid_stew', 'carrot']"
20151221_134656_2,"['pasta', 'salty_cake', 'potatoes']"
20151130_114136,['pasta']
20151204_124139,"['bread', 'apple', 'lasagna_bolognese', 'salty_cake']"
20151221_123559_3,"['bread', 'yogurt', 'pasta', 'salty_cake', 'carrot']"
20151204_132839_1,"['pasta', 'salty_cake', 'spinach']"
20151204_121602,"['apple', 'pasta', 'cutlet', 'wet_zucchini']"
20151127_120156_3,"['bread', 'cutlet', 'potatoes', 'pizzoccheri']"
20151127_122032,"['bread', 'scallops', 'yogurt']"
20151211_133341_1,"['bread', 'pasta', 'meat', 'potatoes', 'banana']"
20151130_121353,['pasta']
20151221_132936_1,"['bread', 'apple', 'rice', 'salad']"
20151221_132422,"['bread', 'scallops', 'potatoes']"
20151203_132045_2,"['scallops', 'peas', 'carrot']"
20151127_125814_2,"['cake', 'pizzoccheri', 'carrot', 'savory_pie']"
20151127_122522_3,"['pizzoccheri', 'potatoes']"
20151127_132824_1,"['bread', 'yogurt', 'fries', 'fillet_fish']"
20151204_122143_2,"['cake', 'cake', 'lasagna_bolognese', 'cutlet', 'spinach']"
20151127_125646,"['bread', 'pizza']"
20151127_130511_2,"['bread', 'pudding', 'salad', 'meat', 'pizzoccheri']"
20151221_124614,"['pudding', 'pizza']"
20151211_132442,"['bread', 'pasta', 'meat', 'potatoes', 'banana']"
20151127_134243,"['yogurt', 'pasta', 'cutlet', 'green_beans']"
20151127_132235,"['bread', 'pears', 'pasta', 'fillet_fish', 'fries']"
20151130_114939,"['tangerine', 'tangerine', 'pasta']"
20151221_120510_2,"['cake', 'pizza']"
20151221_125112,"['pasta', 'meat']"
20151203_131745,"['bread', 'tangerine', 'pasta', 'squid_stew', 'wet_zucchini', 'carrot']"
20151221_133353,['soup']
20151204_123036,['lasagna_bolognese']
20151221_114603,"['bread', 'apple', 'carrot', 'pasta', 'scallops']"
20151130_121249_1,"['pudding', 'pasta', 'meat', 'peas']"
20151203_123019_3,"['bread', 'pudding', 'pasta', 'squid_stew', 'carrot']"
20151204_132341_1,"['bread', 'pasta', 'pudding', 'salty_cake', 'spinach']"
20151127_130327,['pasta']
20151127_115553_2,"['pizzoccheri', 'savory_pie', 'potatoes', 'orange']"
20151203_125110,"['bread', 'pudding', 'pasta', 'scallops', 'carrot']"
20151127_120446,['pasta']
20151204_131917,"['bread', 'apple', 'cutlet', 'salad']"
20151211_120113,"['bread', 'tangerine', 'tangerine', 'rice', 'meat', 'potatoes']"
20151203_131618_1,"['bread', 'apple', 'squid_stew']"
20151211_130249,"['bread', 'pasta', 'meat', 'green_beans']"
20151204_133527_1,"['bread', 'orange', 'fennel_gratin', 'fennel_gratin', 'spinach', 'spinach']"
20151127_121649,"['pizza', 'potatoes']"
20151221_133808,"['pasta', 'scallops', 'wet_zucchini']"
20151130_114910_3,"['bread', 'bread', 'tangerine', 'tangerine', 'tangerine', 'pasta', 'cutlet', 'peas']"
20151221_121323_1,"['salty_cake', 'carrot']"
20151204_131821_3,"['orange', 'salty_cake', 'spinach', 'carrot', 'rice']"
20151130_115202,"['pudding', 'pasta', 'cutlet', 'peas']"
20151204_113756_3,"['pasta', 'cutlet', 'fennel_gratin', 'pudding']"
20151203_131541_3,"['pasta', 'squid_stew']"
20151204_123204,['pasta']
20151203_122436,['carrot']
20151203_125059,"['bread', 'pudding', 'pasta', 'scallops', 'carrot', 'fries']"
20151204_130532_2,"['pasta', 'fennel_gratin']"
20151130_114930,"['bread', 'tangerine', 'tangerine', 'tangerine', 'pasta']"
20151221_122924_1,"['apple', 'pears', 'pasta']"
20151204_1310480_1,"['pears', 'pasta', 'cutlet', 'carrot']"
20151221_124217,"['bread', 'bread', 'yogurt', 'pasta', 'salmon', 'carrot']"
20151211_123327_3,"['pasta', 'cutlet', 'spinach', 'bread', 'banana']"
20151204_131917_2,"['bread', 'apple', 'cutlet', 'salad']"
20151204_130615,"['pasta', 'fennel_gratin', 'carrot']"
20151211_121353_2,"['apple', 'salad', 'green_beans', 'savory_pie']"
20151204_130447_1,"['bread', 'pasta', 'cutlet', 'spinach', 'fennel_gratin']"
20151127_121517,"['bread', 'potatoes', 'savory_pie', 'pasta', 'pudding']"
20151127_130511,"['bread', 'pudding', 'salad', 'meat', 'pizzoccheri']"
20151127_130819,['pizza']
20151211_124111_1,"['rice', 'cutlet', 'potatoes', 'spinach', 'banana']"
20151203_131252_1,"['bread', 'bread', 'pears', 'fries', 'meat', 'soup']"
20151221_130948_2,"['bread', 'orange', 'pasta', 'salty_cake', 'carrot', 'wet_zucchini']"
20151203_124353,"['bread', 'orange', 'pasta', 'squid_stew', 'wet_zucchini']"
20151130_120108,"['bread', 'orange', 'pasta', 'savory_pie', 'green_beans']"
20151211_142505,"['bread', 'pasta', 'meat', 'green_beans']"
20151204_114130_2,"['salad', 'rice']"
20151221_125818_2,"['bread', 'apple', 'salad', 'scallops', 'pasta']"
20151203_124353_1,"['bread', 'orange', 'pasta', 'squid_stew', 'wet_zucchini']"
20151204_121506_3,"['apple', 'salad', 'salty_cake', 'wet_zucchini', 'fennel_gratin']"
20151127_122715_3,"['bread', 'soup', 'green_beans', 'potatoes', 'meat']"
20151211_124111,"['rice', 'cutlet', 'potatoes', 'spinach', 'banana']"
20151204_123744_2,"['pasta', 'fennel_gratin', 'wet_zucchini']"
20151127_115553_1,"['pizzoccheri', 'savory_pie', 'potatoes', 'orange']"
20151211_125203_1,"['bread', 'pasta', 'meat', 'salad', 'yogurt']"
20151130_115259,"['pasta', 'cutlet', 'fries']"
20151221_132555_2,"['bread', 'apple', 'pasta', 'salmon', 'potatoes']"
20151127_131055_2,"['tangerine', 'tangerine', 'pizzoccheri', 'meat', 'spinach', 'carrot']"
20151130_120318_3,"['bread', 'yogurt', 'salad', 'meat']"
20151221_134018,"['bread', 'apple', 'salad', 'scallops', 'rice']"
20151221_125935,['pasta']
20151127_130005_1,"['bread', 'pizzoccheri', 'potatoes', 'savory_pie']"
20151127_131604,"['yogurt', 'pizzoccheri', 'meat', 'carrot']"
20151204_132014,"['bread', 'yogurt', 'pasta', 'cutlet', 'spinach']"
20151204_122613,"['bread', 'bread', 'fries', 'meat', 'pasta', 'pudding']"
20151203_121442,"['pasta', 'squid_stew']"
20151221_120655,"['pasta', 'scallops']"
20151204_123636_1,"['bread', 'yogurt', 'lasagna_bolognese', 'salty_cake', 'spinach']"
20151211_124420,"['bread', 'orange', 'rice', 'fillet_fish', 'spinach']"
20151203_131745_3,"['bread', 'tangerine', 'pasta', 'squid_stew', 'wet_zucchini', 'carrot']"
20151204_115301,"['yogurt', 'bread', 'pizza']"
20151211_132138_1,"['bread', 'bread', 'tangerine', 'tangerine', 'pasta', 'bruscitt', 'potatoes', 'green_beans']"
20151221_125818_3,"['bread', 'apple', 'salad', 'scallops', 'pasta']"
20151130_121414_1,"['savory_pie', 'peas']"
20151204_115911_1,"['cutlet', 'fennel_gratin']"
20151204_113839_2,"['bread', 'lasagna_bolognese', 'fennel_gratin', 'pears']"
20151204_122112_1,"['lasagna_bolognese', 'cutlet', 'salad']"
20151127_130638,['pizza']
20151203_121602_3,"['pudding', 'bread', 'pasta', 'squid_stew', 'carrot']"
20151127_125347,"['rice', 'potatoes', 'spinach']"
20151204_132033_1,"['yogurt', 'pasta', 'cutlet', 'fennel_gratin']"
20151204_120318,"['scallops', 'spinach', 'wet_zucchini']"
20151221_113608,"['bread', 'tangerine', 'pasta', 'meat', 'carrot']"
20151211_130651,"['bread', 'pasta', 'bruscitt', 'green_beans', 'banana']"
20151203_130658_1,"['bread', 'pasta', 'squid_stew', 'green_beans']"
20151221_125333,"['bread', 'pudding', 'pasta', 'scallops', 'potatoes']"
20151127_123952_1,"['bread', 'tangerine', 'tangerine', 'pizzoccheri', 'potatoes', 'savory_pie']"
20151221_135153,"['bread', 'apple', 'scallops', 'pasta']"
20151130_114923_1,"['tangerine', 'tangerine', 'tangerine', 'savory_pie', 'peas']"
20151221_121821,"['bread', 'pudding', 'pasta', 'scallops']"
20151204_120701,"['lasagna_bolognese', 'salty_cake', 'wet_zucchini', 'cake']"
20151204_133409_1,"['bread', 'pasta', 'salty_cake', 'spinach']"
20151204_130806_1,"['orange', 'pasta', 'carrot', 'salty_cake']"
20151211_122307_1,"['carrot', 'pasta', 'cutlet', 'banana']"
20151127_121137_3,"['pizzoccheri', 'green_beans']"
20151221_134656,"['pasta', 'salty_cake', 'potatoes']"
20151204_121736,"['bread', 'lasagna_bolognese', 'cutlet', 'wet_zucchini']"
20151211_134345,"['rice', 'savory_pie', 'green_beans', 'spinach']"
20151211_121641,"['rice', 'green_beans', 'potatoes']"
20151221_1231230_1,"['tangerine', 'tangerine', 'pasta', 'salmon', 'carrot', 'wet_zucchini']"
20151221_130014_1,"['bread', 'pears', 'carrot', 'scallops', 'rice']"
20151127_125955,"['bread', 'tangerine', 'tangerine', 'tangerine', 'tangerine', 'tangerine', 'carrot', 'rice']"
20151127_122553_3,"['tangerine', 'savory_pie', 'spinach', 'pizzoccheri', 'tangerine']"
20151211_1320050_2,"['bread', 'fries', 'meat', 'banana']"
20151221_125744,"['carrot', 'carrot', 'scallops', 'wet_zucchini']"
20151127_132537,"['bread', 'orange', 'pasta', 'savory_pie', 'green_beans', 'spinach']"
20151127_120723_2,"['bread', 'pizzoccheri', 'fries']"
20151211_120710_1,"['bread', 'bread', 'pasta', 'bruscitt', 'green_beans', 'banana']"
20151211_130405,"['savory_pie', 'potatoes', 'pudding']"
20151204_134303,"['yogurt', 'scallops', 'fennel_gratin']"
20151204_131904_1,"['pears', 'pasta']"
20151130_114619,"['bread', 'orange', 'pasta', 'meat', 'peas']"
20151127_131721,"['bread', 'orange', 'savory_pie', 'green_beans', 'spinach']"
20151127_123752,"['spinach', 'meat']"
20151211_113626,"['pasta', 'meat', 'potatoes']"
20151221_134800_2,"['bread', 'yogurt', 'pasta', 'salmon', 'potatoes', 'wet_zucchini']"
20151127_122242,"['pizza', 'pudding', 'fries']"
20151204_135227_2,"['carrot', 'salty_cake', 'spinach']"
20151221_122204,"['pasta', 'meat']"
20151221_133957_1,"['salad', 'meat', 'wet_zucchini']"
20151130_115054,['pasta']
20151130_113436_3,"['bread', 'bread', 'pudding', 'pasta', 'meat', 'peas']"
20151203_124440_1,"['bread', 'bread', 'fries', 'scallops', 'salad']"
20151130_113811,"['pasta', 'cutlet']"
20151221_131407,"['apple', 'pasta', 'meat', 'carrot']"
20151203_131054,"['yogurt', 'soup']"
20151211_133414,"['rice', 'potatoes', 'green_beans']"
20151211_1259000,"['bread', 'pudding', 'potatoes', 'green_beans', 'meat']"
20151211_125634,"['bread', 'bread', 'yogurt', 'rice', 'spinach']"
20151127_131812_2,"['pasta', 'fillet_fish', 'green_beans', 'carrot']"
20151211_132209_1,"['apple', 'rice', 'bruscitt', 'potatoes']"
20151211_140806,"['bread', 'bread', 'yogurt', 'pasta', 'fillet_fish', 'green_beans']"
20151127_124336_2,['pizzoccheri']
20151211_130033,"['bread', 'banana', 'pizza']"
20151211_140116,['rice']
20151221_132633_2,['salty_cake']
20151211_141357,"['meat', 'green_beans']"
20151203_132045,"['scallops', 'peas', 'carrot']"
20151127_131812_3,"['pasta', 'fillet_fish', 'green_beans', 'carrot']"
20151203_122411_1,"['bread', 'squid_stew']"
20151204_114130_3,"['salad', 'rice']"
20151204_120254,"['meat', 'spinach', 'pasta']"
20151204_131917_3,"['bread', 'apple', 'cutlet', 'salad']"
20151221_131909_3,"['salty_cake', 'wet_zucchini']"
20151211_142609_3,"['bread', 'pears', 'pasta', 'meat', 'wet_zucchini']"
20151204_131904,"['pears', 'pasta']"
20151127_131106,"['bread', 'pizzoccheri', 'meat', 'carrot']"
20151204_131148_1,"['pears', 'salty_cake', 'pasta', 'salad']"
20151204_131845_1,"['pasta', 'fennel_gratin', 'fries']"
20151130_114034_1,"['bread', 'cutlet', 'fries', 'cake']"
20151127_132002,"['bread', 'pudding', 'pasta', 'fillet_fish', 'green_beans', 'carrot']"
20151127_130844_2,"['tangerine', 'tangerine', 'pizzoccheri', 'spinach', 'fillet_fish']"
20151221_123544_2,"['cake', 'pizza']"
20151211_142212,"['fries', 'meat']"
20151127_142112,"['bread', 'orange', 'pasta', 'meat', 'potatoes']"
20151204_130950_3,"['bread', 'rice', 'fennel_gratin']"
20151211_141055,"['bread', 'yogurt', 'meat', 'green_beans', 'pasta']"
20151127_134942,"['bread', 'pasta', 'savory_pie']"
20151211_125203,"['bread', 'pasta', 'meat', 'salad', 'yogurt']"
20151204_122510,"['bread', 'pudding', 'lasagna_bolognese', 'meat', 'spinach']"
20151211_134835_1,"['tangerine', 'tangerine', 'salad', 'pasta']"
20151203_124923_1,"['bread', 'pasta', 'squid_stew', 'carrot']"
20151211_123327,"['pasta', 'cutlet', 'spinach', 'bread', 'banana']"
20151211_133334,"['bread', 'tangerine', 'tangerine', 'tangerine', 'pasta', 'savory_pie', 'potatoes']"
20151204_113341_2,"['pears', 'lasagna_bolognese', 'cutlet', 'spinach']"
20151127_125457,"['bread', 'pizzoccheri']"
20151204_132839,"['pasta', 'salty_cake', 'spinach']"
20151130_114733_2,"['pasta', 'cutlet', 'peas']"
20151130_120318,"['bread', 'yogurt', 'salad', 'meat']"
20151203_122449_3,"['bread', 'pudding', 'pasta', 'squid_stew', 'green_beans']"
20151204_122900_2,"['lasagna_bolognese', 'cutlet', 'fennel_gratin']"
20151204_135405,"['yogurt', 'fries', 'pizza']"
20151127_131106_2,"['bread', 'pizzoccheri', 'meat', 'carrot']"
20151221_123252,"['bread', 'salad', 'salmon']"
20151203_131541,"['pasta', 'squid_stew']"
20151127_122522,"['pizzoccheri', 'potatoes']"
20151130_120943,"['bread', 'bread', 'pasta', 'cutlet', 'potatoes']"
20151211_124757_3,"['apple', 'bruscitt', 'potatoes']"
20151204_130532,"['pasta', 'fennel_gratin']"
20151221_135010,"['bread', 'apple', 'pasta', 'scallops', 'potatoes', 'carrot']"
20151130_120229,"['pudding', 'meat', 'pasta']"
20151211_141909_2,"['bread', 'pears', 'rice', 'meat', 'green_beans']"
20151221_131824,"['bread', 'yogurt', 'meat', 'carrot', 'rice']"
20151221_132323_1,"['orange', 'soup', 'salty_cake', 'wet_zucchini', 'potatoes']"
20151203_125657_2,"['bread', 'pears', 'pasta', 'meat', 'green_beans']"
20151204_123744,"['pasta', 'fennel_gratin', 'wet_zucchini']"
20151130_114218,"['bread', 'yogurt', 'pasta', 'savory_pie', 'green_beans']"
20151211_121043,"['bread', 'tangerine', 'tangerine', 'pasta', 'meat', 'spinach']"
20151127_120643_3,"['bread', 'pizzoccheri', 'meat', 'potatoes']"
20151127_120831,['pizza']
20151221_131723_3,"['bread', 'bread', 'pears', 'meat', 'carrot', 'pasta']"
20151204_133030_3,"['fries', 'salty_cake', 'cutlet', 'spinach']"
20151127_123652_1,"['pizzoccheri', 'spinach', 'pizza']"
20151203_121602_2,"['pudding', 'bread', 'pasta', 'squid_stew', 'carrot']"
20151127_131828,"['bread', 'yogurt', 'pasta', 'savory_pie', 'green_beans', 'carrot']"
20151127_125103_1,"['bread', 'orange', 'tangerine', 'salad']"
20151221_132902_3,"['soup', 'carrot']"
20151211_125203_3,"['bread', 'pasta', 'meat', 'salad', 'yogurt']"
20151203_131320,"['wet_zucchini', 'pizza']"
20151204_120701_2,"['lasagna_bolognese', 'salty_cake', 'wet_zucchini', 'cake']"
20151221_115117,"['bread', 'pasta', 'meat', 'carrot', 'cake']"
20151127_125858_3,"['tangerine', 'tangerine', 'tangerine', 'bread', 'bread', 'pizzoccheri', 'potatoes', 'meat']"
20151221_121950,"['bread', 'yogurt', 'pasta', 'salty_cake', 'potatoes']"
20151127_120156_1,"['bread', 'cutlet', 'potatoes', 'pizzoccheri']"
20151211_141158_3,"['rice', 'fillet_fish', 'spinach']"
20151221_121712_1,"['pasta', 'salty_cake', 'carrot']"
20151127_121306_3,"['bread', 'pizzoccheri', 'tangerine', 'tangerine', 'tangerine']"
20151203_124739,['pasta']
20151203_131526,"['bread', 'pasta', 'wet_zucchini', 'carrot']"
20151211_132759_1,"['rice', 'savory_pie', 'green_beans', 'banana']"
20151130_115950,"['bread', 'yogurt', 'pasta', 'meat', 'peas']"
20151204_131845_3,"['pasta', 'fennel_gratin', 'fries']"
20151204_131845_2,"['pasta', 'fennel_gratin', 'fries']"
20151127_123434,"['apple', 'spinach', 'pasta', 'pizza']"
20151127_120128,"['cake', 'pasta', 'cutlet']"
20151127_131553_2,"['pizzoccheri', 'savory_pie', 'potatoes']"
20151127_131420_2,"['tangerine', 'tangerine', 'tangerine', 'pizzoccheri', 'meat', 'potatoes']"
20151204_123954_2,"['bread', 'pears', 'lasagna_bolognese', 'scallops', 'fennel_gratin']"
20151204_114130_1,"['salad', 'rice']"
20151221_121507_3,"['cake', 'pasta', 'salty_cake', 'wet_zucchini']"
20151221_125455,"['meat', 'potatoes', 'pasta']"
20151130_121536_1,"['pasta', 'cutlet', 'peas']"
20151211_130817_3,"['bread', 'pudding', 'rice', 'bruscitt', 'potatoes']"
20151211_132759_2,"['rice', 'savory_pie', 'green_beans', 'banana']"
20151221_132555_1,"['bread', 'apple', 'pasta', 'salmon', 'potatoes']"
20151130_120033,"['pears', 'pasta', 'cutlet', 'peas']"
20151204_124157,['lasagna_bolognese']
20151221_123510,"['bread', 'pudding', 'pasta', 'salmon', 'potatoes', 'wet_zucchini']"
20151211_140218,"['yogurt', 'pasta', 'meat', 'spinach']"
20151127_125751,"['tangerine', 'tangerine', 'pasta', 'potatoes', 'savory_pie']"
20151204_122811,"['bread', 'bread', 'pears', 'fries', 'cutlet', 'pasta']"
20151203_131541_2,"['pasta', 'squid_stew']"
20151221_122144_2,"['bread', 'pudding', 'pasta', 'salty_cake', 'carrot']"
20151127_124936,"['bread', 'pizzoccheri']"
20151127_131751_3,"['pears', 'fries', 'meat', 'pasta']"
20151221_130104_1,['salmon']
20151211_130208,['pasta']
20151204_122447,"['bread', 'pudding', 'cutlet', 'wet_zucchini']"
20151130_114910_2,"['bread', 'bread', 'tangerine', 'tangerine', 'tangerine', 'pasta', 'cutlet', 'peas']"
20151127_131604_2,"['yogurt', 'pizzoccheri', 'meat', 'carrot']"
20151130_120343,"['bread', 'tangerine', 'tangerine', 'pasta', 'cutlet']"
20151127_135305,"['bread', 'pudding', 'pasta']"
20151211_123402_1,"['pasta', 'cake']"
20151204_133650_3,"['pears', 'pizza']"
20151204_131212_3,"['bread', 'pasta', 'salty_cake', 'carrot', 'pears']"
20151127_130620,"['bread', 'yogurt', 'pasta', 'meat', 'potatoes']"
20151221_124136_3,['soup']
20151127_121406_3,['salad']
20151211_124012_3,"['bread', 'rice', 'banana']"
20151130_115717,"['bread', 'cutlet', 'green_beans']"
20151127_130755_3,"['pudding', 'pizzoccheri', 'carrot', 'savory_pie']"
20151204_121940,"['bread', 'yogurt', 'lasagna_bolognese', 'cutlet', 'spinach']"
20151127_130350,"['bread', 'yogurt', 'spinach', 'savory_pie', 'pizzoccheri']"
20151204_130950_2,"['bread', 'rice', 'fennel_gratin']"
20151204_123621,['pizza']
20151211_141852,"['bread', 'pasta', 'meat', 'green_beans']"
20151130_122401_3,"['pasta', 'cutlet', 'peas']"
20151211_124757_2,"['apple', 'bruscitt', 'potatoes']"
20151203_125657_1,"['bread', 'pears', 'pasta', 'meat', 'green_beans']"
20151211_132304_2,"['bread', 'tangerine', 'tangerine', 'fries', 'cake', 'pasta', 'meat', 'potatoes', 'spinach']"
20151211_120144,"['bread', 'cutlet', 'potatoes']"
20151211_131940,"['bread', 'salad', 'pasta', 'meat', 'banana']"
20151127_122715_2,"['bread', 'soup', 'green_beans', 'potatoes', 'meat']"
20151221_132323_2,"['orange', 'soup', 'salty_cake', 'wet_zucchini', 'potatoes']"
20151204_125329,"['bread', 'bread', 'orange', 'meat', 'wet_zucchini']"
20151221_134839,['pizza']
20151211_134835,"['tangerine', 'tangerine', 'salad', 'pasta']"
20151211_1320050,"['bread', 'fries', 'meat', 'banana']"
20151211_114703_1,['banana']
20151204_124602,"['apple', 'lasagna_bolognese', 'spinach']"
20151211_134530_3,"['bread', 'pudding', 'pasta', 'bruscitt', 'potatoes']"
20151130_120425,"['pizza', 'fries']"
20151211_141158_1,"['rice', 'fillet_fish', 'spinach']"
20151127_125103,"['bread', 'orange', 'tangerine', 'salad']"
20151211_133643_2,"['bruscitt', 'savory_pie', 'potatoes']"
20151127_120208_3,['pizzoccheri']
20151127_125814_1,"['cake', 'pizzoccheri', 'carrot', 'savory_pie']"
20151204_121406_2,"['orange', 'lasagna_bolognese', 'cutlet', 'fennel_gratin']"
20151204_133346,"['bread', 'pasta']"
20151204_113341_3,"['pears', 'lasagna_bolognese', 'cutlet', 'spinach']"
20151127_124616,['pizza']
20151204_120102,"['cake', 'lasagna_bolognese']"
20151221_113425,"['apple', 'salad', 'salmon', 'carrot']"
20151221_122828,"['salmon', 'carrot', 'pasta']"
20151211_124420_3,"['bread', 'orange', 'rice', 'fillet_fish', 'spinach']"
20151221_131230,"['pudding', 'pasta']"
20151221_130150,['pasta']
20151203_131513,"['bread', 'pasta', 'scallops', 'green_beans', 'carrot']"
20151221_121507,"['cake', 'pasta', 'salty_cake', 'wet_zucchini']"
20151211_121727,"['pasta', 'savory_pie']"
20151204_113348_3,"['lasagna_bolognese', 'pears', 'cutlet', 'spinach']"
20151211_131044,['rice']
20151221_123341,"['orange', 'orange', 'potatoes', 'salmon']"
20151204_133423_1,"['bread', 'yogurt', 'pasta', 'salty_cake', 'spinach']"
20151221_133513,"['meat', 'pasta']"
20151204_132341_2,"['bread', 'pasta', 'pudding', 'salty_cake', 'spinach']"
20151211_135540,"['bread', 'pudding', 'pasta', 'fillet_fish', 'potatoes']"
20151130_114633_2,"['bread', 'pasta', 'meat', 'peas']"
20151204_131633,"['bread', 'fennel_gratin', 'carrot']"
20151204_113400,['lasagna_bolognese']
20151130_121249,"['pudding', 'pasta', 'meat', 'peas']"
20151130_121212,"['tangerine', 'tangerine', 'meat']"
20151211_130817,"['bread', 'pudding', 'rice', 'bruscitt', 'potatoes']"
20151204_124439,"['lasagna_bolognese', 'cutlet', 'fennel_gratin']"
20151221_121323_2,"['salty_cake', 'carrot']"
20151221_120054,['pasta']
20151203_124923,"['bread', 'pasta', 'squid_stew', 'carrot']"
20151127_140257,"['rice', 'potatoes', 'green_beans']"
20151204_124232_1,"['fries', 'pears', 'pasta', 'pizza']"
20151204_132033_3,"['yogurt', 'pasta', 'cutlet', 'fennel_gratin']"
20151221_131317_3,"['apple', 'salad']"
20151204_132935,"['bread', 'pasta', 'cutlet', 'carrot', 'spinach']"
20151211_113606_2,"['pasta', 'meat', 'green_beans', 'banana']"
20151211_132746_3,"['pasta', 'fillet_fish', 'green_beans', 'banana']"
20151130_121609,"['pizza', 'fries']"
20151204_134303_1,"['yogurt', 'scallops', 'fennel_gratin']"
20151127_131055,"['tangerine', 'tangerine', 'pizzoccheri', 'meat', 'spinach', 'carrot']"
20151221_134253_2,"['bread', 'apple', 'salmon', 'wet_zucchini', 'carrot', 'soup']"
20151203_124309,"['bread', 'meat', 'fries']"
20151204_124439_2,"['lasagna_bolognese', 'cutlet', 'fennel_gratin']"
20151204_131512_1,"['pasta', 'salty_cake', 'apple', 'salad']"
20151127_122651,['pasta']
20151211_121925,['pasta']
20151221_131317,"['apple', 'salad']"
20151221_120908,"['pears', 'scallops', 'wet_zucchini']"
20151127_120128_1,"['cake', 'pasta', 'cutlet']"
20151203_131339_1,"['orange', 'pasta', 'squid_stew', 'carrot']"
20151130_120206,"['bread', 'pudding', 'pasta', 'cutlet']"
20151211_140304,"['fries', 'pizza']"
20151221_134253_1,"['bread', 'apple', 'salmon', 'wet_zucchini', 'carrot', 'soup']"
20151204_132616_3,"['bread', 'pudding', 'pasta', 'cutlet', 'fennel_gratin']"
20151204_124831,"['lasagna_bolognese', 'cutlet', 'wet_zucchini']"
20151204_134339,"['scallops', 'fennel_gratin', 'pasta']"
20151211_142609_1,"['bread', 'pears', 'pasta', 'meat', 'wet_zucchini']"
20151204_120924,"['pudding', 'lasagna_bolognese']"
20151130_113559,"['pasta', 'meat']"
20151204_123518_3,"['apple', 'lasagna_bolognese', 'cutlet', 'fennel_gratin']"
20151127_131604_1,"['yogurt', 'pizzoccheri', 'meat', 'carrot']"
20151204_132424,"['meat', 'pasta']"
20151221_123252_2,"['bread', 'salad', 'salmon']"
20151211_120803,"['bread', 'rice', 'bruscitt', 'fries']"
20151130_115044,['pasta']
20151211_130709_3,"['bread', 'yogurt', 'pasta', 'fillet_fish', 'potatoes']"
20151127_122558,"['tangerine', 'pasta', 'savory_pie', 'potatoes', 'tangerine']"
20151211_140855_2,"['fillet_fish', 'spinach', 'salad']"
20151211_131011,"['apple', 'pasta', 'fillet_fish', 'green_beans']"
20151127_124421,"['pudding', 'bread', 'scallops', 'potatoes']"
20151204_120158,['pasta']
20151211_121939_2,"['pasta', 'savory_pie', 'green_beans', 'potatoes', 'banana']"
20151127_132740,"['pudding', 'bread', 'salad', 'meat', 'pasta']"
20151211_133104,"['bread', 'apple', 'pasta', 'savory_pie', 'potatoes']"
20151221_134206,"['bread', 'salty_cake', 'carrot']"
20151211_140855,"['fillet_fish', 'spinach', 'salad']"
20151221_121027,"['pasta', 'meat', 'carrot']"
20151204_113245_3,"['bread', 'yogurt', 'lasagna_bolognese', 'cutlet', 'fennel_gratin']"
20151221_122329,"['bread', 'scallops', 'carrot']"
20151204_1328290_2,"['yogurt', 'pasta', 'salty_cake', 'carrot']"
20151130_115557_2,"['bread', 'pasta', 'salad']"
20151211_131011_2,"['apple', 'pasta', 'fillet_fish', 'green_beans']"
20151204_131326_2,"['orange', 'pasta', 'cutlet', 'fennel_gratin']"
20151127_134804,"['pasta', 'savory_pie', 'green_beans']"
20151211_132238,"['rice', 'rice', 'fries']"
20151130_122541_2,"['cake', 'bread', 'pasta', 'meat', 'potatoes']"
20151203_131227,"['tangerine', 'tangerine', 'pizza']"
20151204_122642,"['pudding', 'lasagna_bolognese', 'cutlet', 'fries']"
20151130_115848_3,"['rice', 'peas']"
20151130_115848_1,"['rice', 'peas']"
20151221_121507_1,"['cake', 'pasta', 'salty_cake', 'wet_zucchini']"
20151127_123116,"['bread', 'pizza', 'pizzoccheri', 'pudding']"
20151221_132555_3,"['bread', 'apple', 'pasta', 'salmon', 'potatoes']"
20151204_124402,"['apple', 'pasta', 'cutlet', 'spinach']"
20151211_120041,"['bread', 'yogurt', 'pasta', 'meat', 'potatoes']"
20151204_123954_1,"['bread', 'pears', 'lasagna_bolognese', 'scallops', 'fennel_gratin']"
20151127_131713,"['tangerine', 'tangerine', 'tangerine', 'pizzoccheri', 'savory_pie', 'green_beans', 'spinach']"
20151130_113406_1,"['bread', 'pears', 'pasta', 'meat', 'green_beans']"
20151204_115814,['pizza']
20151221_134720,['pizza']
20151127_130141_2,"['salad', 'pasta']"
20151127_120002,"['bread', 'pizzoccheri', 'fillet_fish', 'spinach']"
20151221_121323_3,"['salty_cake', 'carrot']"
20151127_121906,"['pasta', 'scallops', 'potatoes']"
20151130_115950_3,"['bread', 'yogurt', 'pasta', 'meat', 'peas']"
20151211_141315,"['rice', 'fillet_fish', 'green_beans']"
20151221_125255_2,"['apple', 'pasta', 'salmon', 'wet_zucchini']"
20151203_1252580,"['bread', 'apple', 'carrot', 'meat', 'pasta']"
20151211_131726,"['bread', 'fries', 'pasta', 'meat']"
20151221_120908_1,"['pears', 'scallops', 'wet_zucchini']"
20151211_134955_3,"['bread', 'pudding', 'pasta', 'meat', 'salad']"
20151203_121442_1,"['pasta', 'squid_stew']"
20151221_131723_2,"['bread', 'bread', 'pears', 'meat', 'carrot', 'pasta']"
20151211_135344,"['rice', 'potatoes', 'green_beans']"
20151221_120310_3,"['tangerine', 'tangerine', 'pasta', 'salty_cake', 'wet_zucchini', 'carrot']"
20151127_125714,"['bread', 'pudding', 'pizzoccheri', 'meat', 'carrot']"
20151127_114946,"['pasta', 'pizza', 'pudding', 'tangerine', 'tangerine']"
20151204_121059,"['yogurt', 'cutlet', 'lasagna_bolognese', 'wet_zucchini']"
20151203_121442_2,"['pasta', 'squid_stew']"
20151221_134746,['rice']
20151203_131409_3,"['tangerine', 'tangerine', 'tangerine', 'soup', 'squid_stew']"
20151130_121343_3,"['tangerine', 'cutlet', 'peas']"
20151127_131604_3,"['yogurt', 'pizzoccheri', 'meat', 'carrot']"
20151221_131604,"['bread', 'pasta', 'scallops', 'carrot']"
20151127_121953_1,"['pasta', 'fillet_fish', 'green_beans', 'spinach']"
20151130_122203,"['bread', 'apple', 'pasta', 'cutlet', 'potatoes']"
20151204_131212,"['bread', 'pasta', 'salty_cake', 'carrot', 'pears']"
20151204_131528_1,"['bread', 'pasta', 'salad']"
20151127_120156_2,"['bread', 'cutlet', 'potatoes', 'pizzoccheri']"
20151211_132209,"['apple', 'rice', 'bruscitt', 'potatoes']"
20151221_134638_2,"['salmon', 'potatoes', 'pasta']"
20151130_115239,"['tangerine', 'tangerine', 'pizza', 'salad']"
20151203_125620,"['yogurt', 'pasta']"
20151203_131110,"['bread', 'yogurt', 'meat', 'pasta', 'fries']"
20151127_124803,"['pasta', 'scallops']"
20151211_140326,"['bread', 'pudding', 'pasta', 'meat', 'spinach']"
20151211_140855_3,"['fillet_fish', 'spinach', 'salad']"
20151203_130633_1,"['bread', 'pasta', 'squid_stew', 'carrot']"
20151221_130901,"['bread', 'pasta', 'scallops', 'carrot', 'potatoes']"
20151221_123025_3,"['bread', 'carrot', 'bread', 'soup']"
20151221_125054,"['bread', 'bread', 'pasta', 'meat', 'pudding']"
20151221_120547,['rice']
20151204_133409,"['bread', 'pasta', 'salty_cake', 'spinach']"
20151211_132412_2,"['bread', 'pasta', 'fillet_fish', 'green_beans', 'banana']"
20151204_130532_3,"['pasta', 'fennel_gratin']"
20151204_113721_1,"['cutlet', 'fennel_gratin', 'pasta']"
20151221_122924_2,"['apple', 'pears', 'pasta']"
20151211_115104,"['bread', 'cutlet', 'green_beans', 'banana']"
20151130_115806,"['yogurt', 'carrot', 'pizza']"
20151221_131723_1,"['bread', 'bread', 'pears', 'meat', 'carrot', 'pasta']"
20151204_124821_3,"['bread', 'lasagna_bolognese', 'salty_cake', 'wet_zucchini']"
20151221_122924,"['apple', 'pears', 'pasta']"
20151204_113245,"['bread', 'yogurt', 'lasagna_bolognese', 'cutlet', 'fennel_gratin']"
20151127_125714_1,"['bread', 'pudding', 'pizzoccheri', 'meat', 'carrot']"
20151221_122408_2,"['bread', 'yogurt', 'rice', 'salty_cake', 'carrot']"
20151221_131723,"['bread', 'bread', 'pears', 'meat', 'carrot', 'pasta']"
20151127_130755_1,"['pudding', 'pizzoccheri', 'carrot', 'savory_pie']"
20151211_122634_3,"['bread', 'pasta', 'bruscitt', 'green_beans']"
20151221_130948_3,"['bread', 'orange', 'pasta', 'salty_cake', 'carrot', 'wet_zucchini']"
20151211_121425_2,"['bread', 'tangerine', 'tangerine', 'pudding', 'bruscitt', 'green_beans']"
20151127_122553,"['tangerine', 'savory_pie', 'spinach', 'pizzoccheri', 'tangerine']"
20151211_130024,"['bread', 'pudding', 'pasta', 'savory_pie', 'potatoes']"
20151204_123954,"['bread', 'pears', 'lasagna_bolognese', 'scallops', 'fennel_gratin']"
20151204_124718,['pasta']
20151221_113855,"['yogurt', 'pasta']"
20151221_120138,['pasta']
20151211_115005,"['bread', 'pasta', 'fries']"
20151130_120958_3,"['bread', 'pasta', 'meat', 'peas']"
20151130_121224,"['pudding', 'pasta', 'cutlet', 'potatoes']"
20151130_120131,"['pasta', 'savory_pie']"
20151203_124615_2,"['pudding', 'pasta', 'squid_stew']"
20151204_131702_3,"['bread', 'rice', 'salty_cake', 'carrot']"
20151203_132227,"['pasta', 'scallops', 'wet_zucchini']"
20151130_121726,"['bread', 'yogurt', 'pasta', 'meat', 'potatoes']"
20151211_123422_1,"['pasta', 'fillet_fish', 'potatoes']"
20151130_122350,"['bread', 'bread', 'orange', 'pasta', 'meat', 'potatoes']"
20151127_130604,"['apple', 'potatoes', 'savory_pie', 'salad', 'pizzoccheri']"
20151127_130721_3,['pizzoccheri']
20151127_131751,"['pears', 'fries', 'meat', 'pasta']"
20151127_131948_3,"['orange', 'bread', 'pasta', 'fillet_fish', 'green_beans']"
20151130_114034,"['bread', 'cutlet', 'fries', 'cake']"
20151211_1346070,"['bread', 'pasta', 'meat', 'potatoes']"
20151204_115824,"['bread', 'yogurt', 'pizza']"
20151127_134433_3,"['bread', 'pears', 'pasta', 'savory_pie', 'green_beans']"
20151130_114923_3,"['tangerine', 'tangerine', 'tangerine', 'savory_pie', 'peas']"
20151211_113851,"['potatoes', 'savory_pie', 'pasta']"
20151127_132413,"['yogurt', 'soup', 'savory_pie', 'green_beans']"
20151211_123422,"['pasta', 'fillet_fish', 'potatoes']"
20151204_115511,"['apple', 'carrot', 'meat']"
20151211_130709_2,"['bread', 'yogurt', 'pasta', 'fillet_fish', 'potatoes']"
20151221_120510,"['cake', 'pizza']"
20151204_124232_3,"['fries', 'pears', 'pasta', 'pizza']"
20151211_141344_2,"['rice', 'fillet_fish', 'green_beans']"
20151211_142630,['pasta']
20151221_130014,"['bread', 'pears', 'carrot', 'scallops', 'rice']"
20151211_140411,"['pasta', 'meat', 'green_beans']"
20151221_120329,['pizza']
20151221_124849_2,"['bread', 'orange', 'pasta', 'salty_cake', 'carrot']"
20151204_132129_3,"['bread', 'pears', 'pasta', 'cutlet', 'spinach']"
20151211_125307,"['pudding', 'pasta', 'meat', 'potatoes']"
20151211_134539_1,"['bread', 'pasta', 'fillet_fish', 'potatoes', 'green_beans', 'yogurt']"
20151203_125246,"['bread', 'apple', 'pasta', 'carrot']"
20151221_134018_2,"['bread', 'apple', 'salad', 'scallops', 'rice']"
20151203_131409_1,"['tangerine', 'tangerine', 'tangerine', 'soup', 'squid_stew']"
20151211_115104_1,"['bread', 'cutlet', 'green_beans', 'banana']"
20151204_132306,"['pudding', 'pasta', 'meat', 'spinach']"
20151127_134617,"['bread', 'pasta']"
20151211_134059,"['pudding', 'rice']"
20151204_134303_2,"['yogurt', 'scallops', 'fennel_gratin']"
20151221_121154,"['bread', 'rice', 'salty_cake', 'wet_zucchini']"
20151203_122902,"['pudding', 'pasta', 'wet_zucchini']"
20151203_131054_3,"['yogurt', 'soup']"
20151127_120156,"['bread', 'cutlet', 'potatoes', 'pizzoccheri']"
20151127_120208_2,['pizzoccheri']
20151204_123442_1,"['bread', 'pasta', 'salad']"
20151221_132617,"['bread', 'potatoes', 'carrot']"
20151221_135231,"['bread', 'bread', 'pasta', 'scallops', 'potatoes']"
20151204_115551,"['bread', 'pasta']"
20151130_114552_2,"['pasta', 'cutlet', 'peas']"
20151204_131337_1,"['pasta', 'cutlet', 'fennel_gratin']"
20151127_122428,"['pasta', 'spinach', 'scallops', 'tangerine']"
20151203_124440_3,"['bread', 'bread', 'fries', 'scallops', 'salad']"
20151204_133704,['pasta']
20151127_133941,"['bread', 'tangerine', 'tangerine', 'cutlet', 'pasta']"
20151203_125638_1,"['yogurt', 'pasta', 'squid_stew']"
20151221_120520_1,"['bread', 'orange', 'salad', 'scallops']"
20151127_131209_2,['pizzoccheri']
20151211_124757_1,"['apple', 'bruscitt', 'potatoes']"
20151221_115135,"['apple', 'carrot', 'pasta', 'scallops']"
20151127_121903,['pasta']
20151221_125255,"['apple', 'pasta', 'salmon', 'wet_zucchini']"
20151127_124120,"['salad', 'pizza']"
20151127_124336,['pizzoccheri']
20151130_122328,"['cutlet', 'peas']"
20151127_122233,['rice']
20151130_115656,"['tangerine', 'tangerine', 'tangerine', 'pasta']"
20151221_133902_2,"['soup', 'carrot']"
20151204_121506_1,"['apple', 'salad', 'salty_cake', 'wet_zucchini', 'fennel_gratin']"
20151211_115944,"['cutlet', 'potatoes', 'pasta', 'apple']"
20151130_114034_3,"['bread', 'cutlet', 'fries', 'cake']"
20151211_121712,"['apple', 'pasta', 'cutlet', 'potatoes']"
20151211_130450,"['bread', 'pasta', 'fries']"
20151211_130330_1,"['bread', 'orange', 'pasta', 'bruscitt', 'potatoes']"
20151221_125957,['pasta']
20151221_133631,"['yogurt', 'pasta', 'salmon']"
20151204_120403,"['bread', 'bread', 'pudding', 'carrot', 'pasta']"
20151211_134625,"['pasta', 'fillet_fish', 'potatoes']"
20151221_113404,"['pudding', 'pasta', 'scallops', 'carrot']"
20151203_131409,"['tangerine', 'tangerine', 'tangerine', 'soup', 'squid_stew']"
20151211_131715,"['orange', 'rice', 'savory_pie', 'spinach']"
20151211_122307_2,"['carrot', 'pasta', 'cutlet', 'banana']"
20151221_125851,"['bread', 'pudding', 'meat', 'potatoes', 'pasta']"
20151211_120859_2,"['bread', 'pasta', 'cutlet', 'salad', 'apple']"
20151204_115911_3,"['cutlet', 'fennel_gratin']"
20151130_115202_2,"['pudding', 'pasta', 'cutlet', 'peas']"
20151130_115848,"['rice', 'peas']"
20151211_141706,"['meat', 'wet_zucchini']"
20151130_121536,"['pasta', 'cutlet', 'peas']"
20151204_120442,"['tangerine', 'tangerine', 'pasta', 'pizza', 'spinach', 'wet_zucchini']"
20151204_122630,"['lasagna_bolognese', 'cutlet', 'fries', 'cake']"
20151127_123116_2,"['bread', 'pizza', 'pizzoccheri', 'pudding']"
20151211_123927,"['carrot', 'rice']"
20151127_135241,"['bread', 'tangerine', 'tangerine', 'tangerine', 'pasta', 'meat', 'carrot']"
20151204_131412,"['yogurt', 'rice', 'cutlet', 'carrot']"
20151211_142240,"['bread', 'meat', 'green_beans']"
20151211_132304,"['bread', 'tangerine', 'tangerine', 'fries', 'cake', 'pasta', 'meat', 'potatoes', 'spinach']"
20151130_120958,"['bread', 'pasta', 'meat', 'peas']"
20151130_115127,"['tangerine', 'tangerine', 'pasta', 'cutlet', 'green_beans']"
20151221_123922,"['bread', 'pudding', 'pasta', 'scallops']"
20151221_125211,"['bread', 'pasta', 'salty_cake', 'potatoes']"
20151127_121306,"['bread', 'pizzoccheri', 'tangerine', 'tangerine', 'tangerine']"
20151221_124906_3,"['bread', 'orange', 'pasta', 'salty_cake', 'carrot']"
20151221_120510_3,"['cake', 'pizza']"
20151204_133650_1,"['pears', 'pizza']"
20151204_1328290,"['yogurt', 'pasta', 'salty_cake', 'carrot']"
20151204_131144_2,"['bread', 'pears', 'pasta', 'salty_cake', 'carrot']"
20151203_122523,"['yogurt', 'pasta', 'meat', 'carrot']"
20151211_141347_3,"['rice', 'fillet_fish', 'green_beans']"
20151203_131339,"['orange', 'pasta', 'squid_stew', 'carrot']"
20151211_133922,"['fries', 'pasta', 'savory_pie']"
20151130_122101_3,"['yogurt', 'cutlet', 'peas', 'salad']"
20151203_131618,"['bread', 'apple', 'squid_stew']"
20151221_132755_1,['soup']
20151221_134206_3,"['bread', 'salty_cake', 'carrot']"
20151130_114710,"['pasta', 'cutlet', 'green_beans']"
20151127_130511_1,"['bread', 'pudding', 'salad', 'meat', 'pizzoccheri']"
20151211_113606,"['pasta', 'meat', 'green_beans', 'banana']"
20151203_122411_3,"['bread', 'squid_stew']"
20151127_122446_1,"['cake', 'pizza']"
20151204_114641_2,"['yogurt', 'pasta', 'spinach', 'salad']"
20151204_131904_3,"['pears', 'pasta']"
20151211_141158,"['rice', 'fillet_fish', 'spinach']"
20151204_122811_2,"['bread', 'bread', 'pears', 'fries', 'cutlet', 'pasta']"
20151211_140657,['pasta']
20151204_122900,"['lasagna_bolognese', 'cutlet', 'fennel_gratin']"
20151221_125231,"['bread', 'rice', 'carrot']"
20151127_115553,"['pizzoccheri', 'savory_pie', 'potatoes', 'orange']"
20151204_133824,"['orange', 'orange', 'pasta', 'cutlet']"
20151130_115408,['pizza']
20151204_131326_1,"['orange', 'pasta', 'cutlet', 'fennel_gratin']"
20151211_121353_1,"['apple', 'salad', 'green_beans', 'savory_pie']"
20151204_113756_2,"['pasta', 'cutlet', 'fennel_gratin', 'pudding']"
20151204_132129_1,"['bread', 'pears', 'pasta', 'cutlet', 'spinach']"
20151204_132509_3,"['yogurt', 'pasta', 'cutlet', 'fennel_gratin', 'carrot']"
20151204_114821_3,"['apple', 'bread', 'lasagna_bolognese', 'meat', 'fennel_gratin']"
20151130_115557_1,"['bread', 'pasta', 'salad']"
20151211_121018,"['orange', 'pasta', 'savory_pie']"
20151211_134955_2,"['bread', 'pudding', 'pasta', 'meat', 'salad']"
20151221_133737,"['rice', 'potatoes', 'carrot']"
20151204_130806,"['orange', 'pasta', 'carrot', 'salty_cake']"
20151204_113341_1,"['pears', 'lasagna_bolognese', 'cutlet', 'spinach']"
20151204_115413_3,"['apple', 'lasagna_bolognese', 'cutlet', 'salad']"
20151127_123447,"['orange', 'pasta', 'scallops', 'potatoes']"
20151127_125103_3,"['bread', 'orange', 'tangerine', 'salad']"
20151221_113425_2,"['apple', 'salad', 'salmon', 'carrot']"
20151221_125840,"['yogurt', 'pasta', 'meat', 'potatoes']"
20151130_120259_1,"['pudding', 'pasta', 'cutlet', 'peas']"
20151211_134530,"['bread', 'pudding', 'pasta', 'bruscitt', 'potatoes']"
20151211_123449,"['savory_pie', 'green_beans', 'potatoes']"
20151211_131312_1,"['bread', 'bread', 'pears', 'pasta', 'savory_pie', 'potatoes']"
20151204_122143,"['cake', 'cake', 'lasagna_bolognese', 'cutlet', 'spinach']"
20151127_121137,"['pizzoccheri', 'green_beans']"
20151204_113948,"['yogurt', 'pasta']"
20151204_123807,"['fries', 'lasagna_bolognese', 'cutlet']"
20151211_132746_1,"['pasta', 'fillet_fish', 'green_beans', 'banana']"
20151221_122623,"['bread', 'pasta', 'meat', 'carrot']"
20151221_120449,"['bread', 'tangerine', 'tangerine', 'pasta', 'meat', 'carrot']"
20151221_114732,['pasta']
20151204_133446,"['bread', 'orange', 'pasta', 'cutlet', 'fennel_gratin']"
20151204_121452,['pizza']
20151211_132759_3,"['rice', 'savory_pie', 'green_beans', 'banana']"
20151204_113847,"['lasagna_bolognese', 'cutlet']"
20151203_130633,"['bread', 'pasta', 'squid_stew', 'carrot']"
20151130_122155,"['orange', 'pasta', 'cutlet', 'potatoes']"
20151211_1320050_1,"['bread', 'fries', 'meat', 'banana']"
20151211_120803_1,"['bread', 'rice', 'bruscitt', 'fries']"
20151221_123510_2,"['bread', 'pudding', 'pasta', 'salmon', 'potatoes', 'wet_zucchini']"
20151127_131852,"['tangerine', 'tangerine', 'pasta']"
20151211_115705,['pizza']
20151130_121414_3,"['savory_pie', 'peas']"
20151211_115827,"['pudding', 'cutlet', 'potatoes']"
20151221_134206_2,"['bread', 'salty_cake', 'carrot']"
20151204_122630_3,"['lasagna_bolognese', 'cutlet', 'fries', 'cake']"
20151221_124235,"['bread', 'apple', 'pasta', 'meat', 'potatoes']"
20151221_124217_1,"['bread', 'bread', 'yogurt', 'pasta', 'salmon', 'carrot']"
20151204_132129_2,"['bread', 'pears', 'pasta', 'cutlet', 'spinach']"
20151127_125158,"['tangerine', 'tangerine', 'tangerine', 'yogurt', 'meat', 'potatoes']"
20151204_115413_1,"['apple', 'lasagna_bolognese', 'cutlet', 'salad']"
20151127_122522_1,"['pizzoccheri', 'potatoes']"
20151204_133030,"['fries', 'salty_cake', 'cutlet', 'spinach']"
20151211_124012,"['bread', 'rice', 'banana']"
20151221_115237,"['bread', 'pasta', 'scallops', 'carrot']"
20151211_132746,"['pasta', 'fillet_fish', 'green_beans', 'banana']"
20151221_133957_2,"['salad', 'meat', 'wet_zucchini']"
20151221_113350,"['bread', 'bread', 'pudding', 'pasta', 'meat', 'carrot']"
20151211_131844,"['pasta', 'carrot']"
20151211_141347_1,"['rice', 'fillet_fish', 'green_beans']"
20151221_120520_3,"['bread', 'orange', 'salad', 'scallops']"
20151127_121831_2,"['pasta', 'bread', 'fillet_fish', 'spinach']"
20151221_123903_2,"['salad', 'pasta']"
20151211_120606_3,"['bread', 'pasta', 'potatoes', 'green_beans', 'banana']"
20151204_123129_2,"['yogurt', 'salad', 'cutlet', 'lasagna_bolognese']"
20151211_1320050_3,"['bread', 'fries', 'meat', 'banana']"
20151127_125520_1,"['tangerine', 'tangerine', 'apple', 'salad', 'pasta']"
20151203_130726,"['bread', 'rice', 'meat', 'carrot']"
20151204_132239,"['spinach', 'salty_cake']"
20151130_114818,"['pasta', 'cutlet', 'peas', 'yogurt']"
20151221_120416,"['tangerine', 'tangerine', 'pasta', 'meat', 'carrot']"
20151221_135021_2,"['pudding', 'salmon', 'wet_zucchini', 'pasta']"
20151204_123002,"['yogurt', 'pasta', 'cutlet']"
20151204_131804,['pasta']
20151221_132902,"['soup', 'carrot']"
20151130_113548,['pasta']
20151221_135001_3,"['bread', 'pasta', 'salmon', 'carrot']"
20151211_132209_3,"['apple', 'rice', 'bruscitt', 'potatoes']"
20151204_133543,"['bread', 'apple', 'pasta', 'cutlet', 'spinach']"
20151211_124420_1,"['bread', 'orange', 'rice', 'fillet_fish', 'spinach']"
20151130_122328_3,"['cutlet', 'peas']"
20151211_133643_1,"['bruscitt', 'savory_pie', 'potatoes']"
20151204_131821,"['orange', 'salty_cake', 'spinach', 'carrot', 'rice']"
20151130_114818_1,"['pasta', 'cutlet', 'peas', 'yogurt']"
20151221_133353_3,['soup']
20151204_122143_1,"['cake', 'cake', 'lasagna_bolognese', 'cutlet', 'spinach']"
20151204_121520,"['orange', 'pasta', 'scallops', 'fennel_gratin']"
20151211_141315_3,"['rice', 'fillet_fish', 'green_beans']"
20151127_131713_3,"['tangerine', 'tangerine', 'tangerine', 'pizzoccheri', 'savory_pie', 'green_beans', 'spinach']"
20151204_131633_3,"['bread', 'fennel_gratin', 'carrot']"
20151127_132740_1,"['pudding', 'bread', 'salad', 'meat', 'pasta']"
20151127_141235,"['bread', 'bread', 'yogurt', 'meat', 'potatoes', 'pasta']"
20151127_135054_1,"['pears', 'pasta', 'savory_pie', 'spinach']"
20151211_1226100,"['bread', 'pudding', 'pasta', 'savory_pie']"
20151127_120002_2,"['bread', 'pizzoccheri', 'fillet_fish', 'spinach']"
20151211_131011_1,"['apple', 'pasta', 'fillet_fish', 'green_beans']"
20151211_113705,"['bread', 'tangerine', 'tangerine', 'pasta', 'meat', 'green_beans']"
20151127_131055_1,"['tangerine', 'tangerine', 'pizzoccheri', 'meat', 'spinach', 'carrot']"
20151204_133409_3,"['bread', 'pasta', 'salty_cake', 'spinach']"
20151204_131644,"['yogurt', 'pasta', 'cutlet']"
20151204_124139_2,"['bread', 'apple', 'lasagna_bolognese', 'salty_cake']"
20151211_131025,['pasta']
20151211_120859_1,"['bread', 'pasta', 'cutlet', 'salad', 'apple']"
20151221_124136_2,['soup']
20151211_131312,"['bread', 'bread', 'pears', 'pasta', 'savory_pie', 'potatoes']"
20151130_122541_3,"['cake', 'bread', 'pasta', 'meat', 'potatoes']"
20151221_115117_2,"['bread', 'pasta', 'meat', 'carrot', 'cake']"
20151130_122328_1,"['cutlet', 'peas']"
20151203_122824,"['bread', 'apple', 'pasta', 'green_beans', 'scallops']"
20151221_124906_2,"['bread', 'orange', 'pasta', 'salty_cake', 'carrot']"
20151221_132315,"['bread', 'yogurt', 'scallops', 'potatoes', 'pasta']"
20151221_132902_1,"['soup', 'carrot']"
20151204_122112_2,"['lasagna_bolognese', 'cutlet', 'salad']"
20151211_131149,"['pasta', 'potatoes']"
20151130_115202_3,"['pudding', 'pasta', 'cutlet', 'peas']"
20151221_120310_1,"['tangerine', 'tangerine', 'pasta', 'salty_cake', 'wet_zucchini', 'carrot']"
20151204_131013,"['pasta', 'cutlet', 'carrot']"
20151221_135001_2,"['bread', 'pasta', 'salmon', 'carrot']"
20151130_121536_3,"['pasta', 'cutlet', 'peas']"
20151211_1335070_1,"['tangerine', 'tangerine', 'tangerine', 'fries', 'pasta', 'bruscitt']"
20151127_124336_3,['pizzoccheri']
20151221_132633,['salty_cake']
20151221_130104_2,['salmon']
20151221_134431,"['bread', 'scallops', 'carrot']"
20151211_132304_1,"['bread', 'tangerine', 'tangerine', 'fries', 'cake', 'pasta', 'meat', 'potatoes', 'spinach']"
20151127_120755,['pizza']
20151211_142609,"['bread', 'pears', 'pasta', 'meat', 'wet_zucchini']"
20151211_130638_2,"['bread', 'fillet_fish', 'potatoes']"
20151221_122746,"['bread', 'pasta', 'scallops']"
20151221_121205,"['bread', 'rice', 'scallops']"
20151211_130843,"['pasta', 'potatoes']"
20151211_132746_2,"['pasta', 'fillet_fish', 'green_beans', 'banana']"
20151221_122731_1,"['bread', 'bread', 'pasta', 'salty_cake', 'potatoes', 'cake']"
20151221_132902_2,"['soup', 'carrot']"
20151127_131812_1,"['pasta', 'fillet_fish', 'green_beans', 'carrot']"
20151204_124232,"['fries', 'pears', 'pasta', 'pizza']"
20151221_132040_1,"['soup', 'salty_cake', 'carrot']"
20151221_122924_3,"['apple', 'pears', 'pasta']"
20151204_133856,['pizza']
20151221_131207,['pasta']
20151221_132040,"['soup', 'salty_cake', 'carrot']"
20151211_132442_2,"['bread', 'pasta', 'meat', 'potatoes', 'banana']"
20151211_124331,"['yogurt', 'rice']"
20151130_122317,"['yogurt', 'peas', 'cutlet']"
20151221_122828_2,"['salmon', 'carrot', 'pasta']"
20151130_121144,"['cutlet', 'fries']"
20151211_123327_2,"['pasta', 'cutlet', 'spinach', 'bread', 'banana']"
20151221_125818,"['bread', 'apple', 'salad', 'scallops', 'pasta']"
20151130_114733_1,"['pasta', 'cutlet', 'peas']"
20151130_115939,"['orange', 'pizza', 'pasta']"
20151211_115030,"['cutlet', 'pasta']"
20151211_124145,"['orange', 'pasta', 'cutlet', 'potatoes']"
20151211_131940_2,"['bread', 'salad', 'pasta', 'meat', 'banana']"
20151127_125457_2,"['bread', 'pizzoccheri']"
20151211_132029,"['tangerine', 'tangerine', 'rice']"
20151221_124849_3,"['bread', 'orange', 'pasta', 'salty_cake', 'carrot']"
20151221_131317_1,"['apple', 'salad']"
20151211_132209_2,"['apple', 'rice', 'bruscitt', 'potatoes']"
20151204_113245_1,"['bread', 'yogurt', 'lasagna_bolognese', 'cutlet', 'fennel_gratin']"
20151211_140150,['pasta']
20151204_123503,"['pears', 'pasta', 'scallops', 'spinach']"
20151221_130923,"['bread', 'orange', 'pasta', 'scallops', 'potatoes']"
20151204_113348_1,"['lasagna_bolognese', 'pears', 'cutlet', 'spinach']"
20151211_120752,"['fries', 'cutlet']"
20151203_130633_2,"['bread', 'pasta', 'squid_stew', 'carrot']"
20151130_114603,['pasta']
20151211_130817_1,"['bread', 'pudding', 'rice', 'bruscitt', 'potatoes']"
20151221_133608_3,"['yogurt', 'pasta', 'salty_cake', 'wet_zucchini']"
20151204_113721_3,"['cutlet', 'fennel_gratin', 'pasta']"
20151221_121154_3,"['bread', 'rice', 'salty_cake', 'wet_zucchini']"
20151204_122746,"['bread', 'bread', 'lasagna_bolognese', 'cutlet', 'spinach']"
20151221_124136_1,['soup']
20151221_114930_3,"['bread', 'pasta', 'salty_cake', 'wet_zucchini', 'pudding']"
20151211_133341,"['bread', 'pasta', 'meat', 'potatoes', 'banana']"
20151211_141559,"['bread', 'pasta', 'meat']"
20151204_133527,"['bread', 'orange', 'fennel_gratin', 'fennel_gratin', 'spinach', 'spinach']"
20151221_123043,"['bread', 'tangerine', 'tangerine', 'soup', 'salmon', 'potatoes']"
20151204_132059,"['rice', 'meat', 'carrot', 'spinach']"
20151130_122541,"['cake', 'bread', 'pasta', 'meat', 'potatoes']"
20151221_133608_2,"['yogurt', 'pasta', 'salty_cake', 'wet_zucchini']"
20151127_121213,"['bread', 'tangerine', 'green_beans', 'savory_pie', 'pasta', 'tangerine']"
20151221_132936,"['bread', 'apple', 'rice', 'salad']"
20151204_114754_3,"['orange', 'orange', 'lasagna_bolognese', 'meat', 'fennel_gratin', 'spinach']"
20151127_121530,"['salad', 'potatoes', 'scallops']"
20151203_124615,"['pudding', 'pasta', 'squid_stew']"
20151127_123331,"['potatoes', 'scallops', 'pasta', 'yogurt']"
20151221_122731_3,"['bread', 'bread', 'pasta', 'salty_cake', 'potatoes', 'cake']"
20151211_124111_3,"['rice', 'cutlet', 'potatoes', 'spinach', 'banana']"
20151130_121343,"['tangerine', 'cutlet', 'peas']"
20151211_120725_3,"['bread', 'orange', 'pasta', 'bruscitt', 'spinach']"
20151204_120241,['pizza']
20151211_121749,"['yogurt', 'pizza']"
20151127_131259,['pizza']
20151127_134113,['pizza']
20151127_131948,"['orange', 'bread', 'pasta', 'fillet_fish', 'green_beans']"
20151221_121231,"['bread', 'tangerine', 'tangerine', 'pasta', 'scallops', 'carrot']"
20151130_113436,"['bread', 'bread', 'pudding', 'pasta', 'meat', 'peas']"
20151127_132024,"['fries', 'pizza']"
20151221_124643,['pasta']
20151221_121723_2,"['bread', 'pears', 'soup', 'meat']"
20151211_133643_3,"['bruscitt', 'savory_pie', 'potatoes']"
20151211_120836,"['pasta', 'cutlet', 'fries']"
20151204_122900_3,"['lasagna_bolognese', 'cutlet', 'fennel_gratin']"
20151204_123337,"['yogurt', 'rice', 'spinach', 'pizza']"
20151221_114406,"['pasta', 'meat', 'wet_zucchini']"
20151127_135054_2,"['pears', 'pasta', 'savory_pie', 'spinach']"
20151211_140744,"['yogurt', 'pasta', 'meat', 'spinach']"
20151211_121939,"['pasta', 'savory_pie', 'green_beans', 'potatoes', 'banana']"
20151130_114838,"['bread', 'pudding', 'rice']"
20151204_123539,"['pears', 'lasagna_bolognese', 'cutlet', 'fennel_gratin']"
20151203_130958_1,"['bread', 'pears', 'pasta', 'squid_stew', 'carrot']"
20151204_122811_1,"['bread', 'bread', 'pears', 'fries', 'cutlet', 'pasta']"
20151203_124440_2,"['bread', 'bread', 'fries', 'scallops', 'salad']"
20151130_121522_2,"['pasta', 'savory_pie', 'peas']"
20151211_123243,['pizza']
20151127_120208_1,['pizzoccheri']
20151203_125657,"['bread', 'pears', 'pasta', 'meat', 'green_beans']"
20151211_115842,"['tangerine', 'tangerine', 'tangerine', 'pasta', 'savory_pie', 'green_beans']"
20151130_114910_1,"['bread', 'bread', 'tangerine', 'tangerine', 'tangerine', 'pasta', 'cutlet', 'peas']"
20151221_120851,"['pudding', 'rice', 'salmon', 'carrot']"
20151127_131439,"['savory_pie', 'carrot']"
20151204_114821_1,"['apple', 'bread', 'lasagna_bolognese', 'meat', 'fennel_gratin']"
20151221_133613_3,"['bread', 'yogurt', 'pasta', 'salty_cake', 'wet_zucchini']"
20151211_135719,['rice']
20151127_121306_1,"['bread', 'pizzoccheri', 'tangerine', 'tangerine', 'tangerine']"
20151221_122408_3,"['bread', 'yogurt', 'rice', 'salty_cake', 'carrot']"
20151221_115343,['pizza']
20151130_121548,['pasta']
20151221_131909,"['salty_cake', 'wet_zucchini']"
20151127_131055_3,"['tangerine', 'tangerine', 'pizzoccheri', 'meat', 'spinach', 'carrot']"
20151203_124827_1,"['bread', 'salad']"
20151211_130330,"['bread', 'orange', 'pasta', 'bruscitt', 'potatoes']"
20151221_135021,"['pudding', 'salmon', 'wet_zucchini', 'pasta']"
20151127_132002_1,"['bread', 'pudding', 'pasta', 'fillet_fish', 'green_beans', 'carrot']"
20151130_121600_1,"['bread', 'bread', 'yogurt', 'pasta', 'meat', 'salad']"
20151211_124825_3,"['bread', 'pasta', 'bruscitt', 'potatoes', 'banana']"
20151211_120432_1,"['bread', 'rice', 'bruscitt', 'potatoes', 'pears']"
20151211_142609_2,"['bread', 'pears', 'pasta', 'meat', 'wet_zucchini']"
20151203_130658_2,"['bread', 'pasta', 'squid_stew', 'green_beans']"
20151130_113406_2,"['bread', 'pears', 'pasta', 'meat', 'green_beans']"
20151221_124714,"['pudding', 'pizza', 'potatoes', 'carrot']"
20151221_124849,"['bread', 'orange', 'pasta', 'salty_cake', 'carrot']"
20151127_124319,"['pasta', 'meat', 'spinach', 'yogurt']"
20151211_120725_2,"['bread', 'orange', 'pasta', 'bruscitt', 'spinach']"
20151130_114733_3,"['pasta', 'cutlet', 'peas']"
20151203_121602,"['pudding', 'bread', 'pasta', 'squid_stew', 'carrot']"
20151211_125942,"['bread', 'pasta', 'savory_pie', 'potatoes']"
20151221_122039,"['yogurt', 'pasta', 'meat', 'potatoes', 'wet_zucchini']"
20151204_122501_1,"['bread', 'bread', 'lasagna_bolognese', 'cutlet', 'spinach', 'cake']"
20151221_132040_2,"['soup', 'salty_cake', 'carrot']"
20151211_143008,"['tangerine', 'tangerine', 'pasta', 'meat', 'wet_zucchini']"
20151204_115038,"['lasagna_bolognese', 'spinach']"
20151127_132740_2,"['pudding', 'bread', 'salad', 'meat', 'pasta']"
20151211_141347,"['rice', 'fillet_fish', 'green_beans']"
20151204_115325,"['pudding', 'pizza']"
20151221_134533,['rice']
20151211_142644,"['yogurt', 'pasta', 'meat', 'wet_zucchini']"
20151127_142122,"['bread', 'pasta', 'savory_pie', 'potatoes']"
20151203_121602_1,"['pudding', 'bread', 'pasta', 'squid_stew', 'carrot']"
20151130_114619_2,"['bread', 'orange', 'pasta', 'meat', 'peas']"
20151203_122815,['pasta']
20151130_114923,"['tangerine', 'tangerine', 'tangerine', 'savory_pie', 'peas']"
20151211_141344_3,"['rice', 'fillet_fish', 'green_beans']"
20151211_131011_3,"['apple', 'pasta', 'fillet_fish', 'green_beans']"
20151203_130658,"['bread', 'pasta', 'squid_stew', 'green_beans']"
20151127_123952,"['bread', 'tangerine', 'tangerine', 'pizzoccheri', 'potatoes', 'savory_pie']"
20151221_125752,"['bread', 'tangerine', 'scallops', 'potatoes']"
20151204_132001,"['bread', 'pasta', 'salty_cake', 'fennel_gratin']"
20151130_115502,"['pizza', 'fries']"
20151130_122541_1,"['cake', 'bread', 'pasta', 'meat', 'potatoes']"
20151127_122131_1,"['bread', 'pizzoccheri', 'spinach', 'scallops', 'tangerine']"
20151203_124827_3,"['bread', 'salad']"
20151221_130948_1,"['bread', 'orange', 'pasta', 'salty_cake', 'carrot', 'wet_zucchini']"
20151127_134045,['pasta']
20151204_133030_1,"['fries', 'salty_cake', 'cutlet', 'spinach']"
20151204_114641,"['yogurt', 'pasta', 'spinach', 'salad']"
20151204_120102_1,"['cake', 'lasagna_bolognese']"
20151221_131353,"['apple', 'pasta', 'meat', 'wet_zucchini', 'carrot']"
20151221_132936_2,"['bread', 'apple', 'rice', 'salad']"
20151211_120936,"['pasta', 'cutlet', 'potatoes']"
20151211_125829,"['bread', 'pudding', 'pasta', 'meat', 'green_beans']"
20151127_130936,['pizzoccheri']
20151211_134539_3,"['bread', 'pasta', 'fillet_fish', 'potatoes', 'green_beans', 'yogurt']"
20151127_133109,"['cutlet', 'potatoes']"
20151203_130936,"['bread', 'yogurt', 'pasta']"
20151203_131054_2,"['yogurt', 'soup']"
20151221_123025_1,"['bread', 'carrot', 'bread', 'soup']"
20151204_133719,['pizza']
20151204_133423_3,"['bread', 'yogurt', 'pasta', 'salty_cake', 'spinach']"
20151127_135202,['pizza']
20151127_135251,['pasta']
20151127_131553,"['pizzoccheri', 'savory_pie', 'potatoes']"
20151211_122307_3,"['carrot', 'pasta', 'cutlet', 'banana']"
20151127_121306_2,"['bread', 'pizzoccheri', 'tangerine', 'tangerine', 'tangerine']"
20151211_132442_1,"['bread', 'pasta', 'meat', 'potatoes', 'banana']"
20151221_121723_1,"['bread', 'pears', 'soup', 'meat']"
20151204_121303,"['pudding', 'lasagna_bolognese', 'cutlet', 'spinach']"
20151211_120606_1,"['bread', 'pasta', 'potatoes', 'green_beans', 'banana']"
20151221_122144_3,"['bread', 'pudding', 'pasta', 'salty_cake', 'carrot']"
20151221_131502,"['pasta', 'salty_cake', 'carrot']"
20151221_120908_2,"['pears', 'scallops', 'wet_zucchini']"
20151204_124035,"['apple', 'bread', 'lasagna_bolognese', 'cutlet', 'spinach']"
20151204_131904_2,"['pears', 'pasta']"
20151204_131104,['pizza']
20151203_122449_2,"['bread', 'pudding', 'pasta', 'squid_stew', 'green_beans']"
20151211_120725,"['bread', 'orange', 'pasta', 'bruscitt', 'spinach']"
20151130_121600_3,"['bread', 'bread', 'yogurt', 'pasta', 'meat', 'salad']"
20151203_124353_3,"['bread', 'orange', 'pasta', 'squid_stew', 'wet_zucchini']"
20151127_132650,"['bread', 'bread', 'pudding', 'pasta', 'meat', 'green_beans']"
20151221_135642,"['pudding', 'meat', 'salad', 'pasta']"
20151127_131933,['pasta']
20151127_123652_3,"['pizzoccheri', 'spinach', 'pizza']"
20151211_115558,"['bread', 'orange', 'pasta', 'cutlet', 'potatoes']"
20151130_114552_1,"['pasta', 'cutlet', 'peas']"
20151127_115133,"['pasta', 'meat', 'potatoes', 'tangerine']"
20151204_132001_2,"['bread', 'pasta', 'salty_cake', 'fennel_gratin']"
20151211_141909_1,"['bread', 'pears', 'rice', 'meat', 'green_beans']"
20151203_131054_1,"['yogurt', 'soup']"
20151130_115621,"['bread', 'pasta', 'meat']"
20151203_130958_2,"['bread', 'pears', 'pasta', 'squid_stew', 'carrot']"
20151204_124139_3,"['bread', 'apple', 'lasagna_bolognese', 'salty_cake']"
20151211_121210,"['bread', 'pasta', 'meat', 'pudding']"
20151127_124936_3,"['bread', 'pizzoccheri']"
20151211_125845_2,"['bread', 'pasta', 'savory_pie', 'green_beans', 'banana']"
20151221_123341_2,"['orange', 'orange', 'potatoes', 'salmon']"
20151204_120102_2,"['cake', 'lasagna_bolognese']"
20151127_115951,"['carrot', 'green_beans', 'potatoes', 'meat']"
20151211_123402_2,"['pasta', 'cake']"
20151127_122553_2,"['tangerine', 'savory_pie', 'spinach', 'pizzoccheri', 'tangerine']"
20151203_131008_1,"['bread', 'pears', 'salad', 'meat', 'pasta']"
20151221_120851_3,"['pudding', 'rice', 'salmon', 'carrot']"
20151211_122524,"['bread', 'pudding', 'pasta', 'cutlet', 'potatoes']"
20151221_132633_3,['salty_cake']
20151204_113348_2,"['lasagna_bolognese', 'pears', 'cutlet', 'spinach']"
20151204_124821_1,"['bread', 'lasagna_bolognese', 'salty_cake', 'wet_zucchini']"
20151130_113406_3,"['bread', 'pears', 'pasta', 'meat', 'green_beans']"
20151211_114703_3,['banana']
20151130_121536_2,"['pasta', 'cutlet', 'peas']"
20151127_132413_1,"['yogurt', 'soup', 'savory_pie', 'green_beans']"
20151204_133423,"['bread', 'yogurt', 'pasta', 'salty_cake', 'spinach']"
20151211_125845,"['bread', 'pasta', 'savory_pie', 'green_beans', 'banana']"
20151221_122024,"['pudding', 'pasta', 'scallops', 'potatoes']"
20151127_135332,"['apple', 'pasta', 'meat', 'spinach']"
20151221_133613,"['bread', 'yogurt', 'pasta', 'salty_cake', 'wet_zucchini']"
20151204_130532_1,"['pasta', 'fennel_gratin']"
20151211_130651_1,"['bread', 'pasta', 'bruscitt', 'green_beans', 'banana']"
20151203_131409_2,"['tangerine', 'tangerine', 'tangerine', 'soup', 'squid_stew']"
20151130_122401_2,"['pasta', 'cutlet', 'peas']"
20151204_114754_2,"['orange', 'orange', 'lasagna_bolognese', 'meat', 'fennel_gratin', 'spinach']"
20151127_131150,"['bread', 'pasta', 'meat', 'potatoes']"
20151127_114556,"['potatoes', 'pasta']"
20151127_124702,"['tangerine', 'tangerine', 'tangerine', 'potatoes', 'savory_pie', 'bread', 'bread', 'pasta']"
20151211_120803_3,"['bread', 'rice', 'bruscitt', 'fries']"
20151221_133608,"['yogurt', 'pasta', 'salty_cake', 'wet_zucchini']"
20151211_130826,"['pasta', 'meat', 'spinach']"
20151204_132641,['pizza']
20151203_122910,"['bread', 'pasta', 'wet_zucchini']"
20151204_121406_3,"['orange', 'lasagna_bolognese', 'cutlet', 'fennel_gratin']"
20151127_142522,"['bread', 'pasta', 'savory_pie', 'green_beans']"
20151221_123824,"['apple', 'pasta', 'scallops', 'wet_zucchini', 'carrot']"
20151204_114550,"['bread', 'yogurt', 'salad', 'lasagna_bolognese']"
20151221_114009,"['pasta', 'meat', 'carrot']"
20151204_124018,"['bread', 'bread', 'yogurt', 'pasta', 'fries']"
20151203_124615_1,"['pudding', 'pasta', 'squid_stew']"
20151127_130936_2,['pizzoccheri']
20151127_130755,"['pudding', 'pizzoccheri', 'carrot', 'savory_pie']"
20151211_134955_1,"['bread', 'pudding', 'pasta', 'meat', 'salad']"
20151204_120117_1,"['carrot', 'bread', 'salad']"
20151221_121323,"['salty_cake', 'carrot']"
20151211_135705,"['pasta', 'meat', 'potatoes']"
20151204_124232_2,"['fries', 'pears', 'pasta', 'pizza']"
20151211_130330_2,"['bread', 'orange', 'pasta', 'bruscitt', 'potatoes']"
20151127_132413_2,"['yogurt', 'soup', 'savory_pie', 'green_beans']"
20151211_135120,"['bread', 'rice', 'apple', 'savory_pie', 'green_beans']"
20151211_120336,"['tangerine', 'tangerine', 'cutlet', 'pasta']"
20151204_131512_2,"['pasta', 'salty_cake', 'apple', 'salad']"
20151211_130651_3,"['bread', 'pasta', 'bruscitt', 'green_beans', 'banana']"
20151221_133928,"['bread', 'yogurt', 'pasta', 'meat', 'potatoes']"
20151211_1228130,"['bread', 'yogurt', 'rice', 'cutlet', 'potatoes']"
20151127_125457_3,"['bread', 'pizzoccheri']"
20151211_142714,"['tangerine', 'pasta', 'meat', 'wet_zucchini']"
20151130_115950_2,"['bread', 'yogurt', 'pasta', 'meat', 'peas']"
20151130_120839,['carrot']
20151204_131148_3,"['pears', 'salty_cake', 'pasta', 'salad']"
20151211_141946,"['bread', 'apple', 'rice', 'meat', 'green_beans', 'wet_zucchini']"
20151127_121530_1,"['salad', 'potatoes', 'scallops']"
20151203_123019_1,"['bread', 'pudding', 'pasta', 'squid_stew', 'carrot']"
20151127_135142,"['pasta', 'meat', 'green_beans', 'carrot']"
20151203_124353_2,"['bread', 'orange', 'pasta', 'squid_stew', 'wet_zucchini']"
20151204_132239_3,"['spinach', 'salty_cake']"
20151204_133312,"['bread', 'pasta', 'cutlet', 'carrot', 'yogurt']"
20151221_124934,"['bread', 'pudding', 'pasta', 'meat', 'carrot']"
20151130_122130,"['orange', 'pasta']"
20151127_133630,"['tangerine', 'bread', 'pasta', 'cutlet', 'spinach']"
20151130_122401,"['pasta', 'cutlet', 'peas']"
20151211_132013,"['pasta', 'meat', 'green_beans']"
20151221_123202,['pasta']
20151130_120318_2,"['bread', 'yogurt', 'salad', 'meat']"
20151203_131618_2,"['bread', 'apple', 'squid_stew']"
20151211_124012_1,"['bread', 'rice', 'banana']"
20151221_130046,['pasta']
20151204_123636_3,"['bread', 'yogurt', 'lasagna_bolognese', 'salty_cake', 'spinach']"
20151211_130033_2,"['bread', 'banana', 'pizza']"
20151204_120433,"['cutlet', 'spinach', 'lasagna_bolognese']"
20151221_131301,"['bread', 'pasta', 'salmon', 'potatoes']"
20151211_130033_1,"['bread', 'banana', 'pizza']"
20151221_1231230_2,"['tangerine', 'tangerine', 'pasta', 'salmon', 'carrot', 'wet_zucchini']"
20151130_122518,"['bread', 'yogurt', 'meat', 'pasta']"
20151221_122419,"['bread', 'pasta', 'scallops', 'potatoes']"
20151127_132824,"['bread', 'yogurt', 'fries', 'fillet_fish']"
20151204_131528_3,"['bread', 'pasta', 'salad']"
20151211_123601,['pizza']
20151221_132633_1,['salty_cake']
20151204_120330,"['orange', 'pasta']"
20151127_122131_3,"['bread', 'pizzoccheri', 'spinach', 'scallops', 'tangerine']"
20151211_1335070_3,"['tangerine', 'tangerine', 'tangerine', 'fries', 'pasta', 'bruscitt']"
20151127_130005_2,"['bread', 'pizzoccheri', 'potatoes', 'savory_pie']"
20151204_123503_2,"['pears', 'pasta', 'scallops', 'spinach']"
20151204_123929,"['bread', 'pears', 'rice', 'meat', 'fennel_gratin']"
20151204_122536,"['fries', 'lasagna_bolognese', 'cutlet']"
20151127_131751_1,"['pears', 'fries', 'meat', 'pasta']"
20151221_120310,"['tangerine', 'tangerine', 'pasta', 'salty_cake', 'wet_zucchini', 'carrot']"
20151203_131745_1,"['bread', 'tangerine', 'pasta', 'squid_stew', 'wet_zucchini', 'carrot']"
20151127_134433_1,"['bread', 'pears', 'pasta', 'savory_pie', 'green_beans']"
20151203_125657_3,"['bread', 'pears', 'pasta', 'meat', 'green_beans']"
20151211_133751,['pasta']
20151127_134546,"['rice', 'cutlet', 'green_beans']"
20151204_133742,"['bread', 'pudding', 'pasta', 'meat', 'spinach']"
20151221_131432,"['scallops', 'carrot']"
20151221_120908_3,"['pears', 'scallops', 'wet_zucchini']"
20151127_121240,"['bread', 'pasta', 'potatoes', 'scallops']"
20151130_121343_2,"['tangerine', 'cutlet', 'peas']"
20151221_132755_2,['soup']
20151204_120502,['pasta']
20151127_135603,"['bread', 'tangerine', 'tangerine', 'tangerine', 'pasta', 'savory_pie', 'green_beans', 'spinach']"
20151221_115117_1,"['bread', 'pasta', 'meat', 'carrot', 'cake']"
20151204_124622,"['bread', 'pudding', 'lasagna_bolognese', 'cutlet']"
20151127_131839,"['bread', 'orange', 'fries', 'meat', 'pasta']"
20151211_130638_3,"['bread', 'fillet_fish', 'potatoes']"
20151221_115117_3,"['bread', 'pasta', 'meat', 'carrot', 'cake']"
20151127_135544,"['bread', 'bread', 'yogurt', 'pasta', 'meat', 'potatoes']"
20151203_131541_1,"['pasta', 'squid_stew']"
20151211_133450,"['rice', 'spinach']"
20151211_140022,"['pasta', 'meat', 'potatoes']"
20151127_122522_2,"['pizzoccheri', 'potatoes']"
20151204_131528_2,"['bread', 'pasta', 'salad']"
20151203_130658_3,"['bread', 'pasta', 'squid_stew', 'green_beans']"
20151221_124736,"['bread', 'pudding', 'pasta', 'scallops', 'potatoes', 'wet_zucchini']"
20151211_133050,"['bread', 'pudding', 'pasta', 'meat', 'potatoes']"
20151221_120520,"['bread', 'orange', 'salad', 'scallops']"
20151204_114821,"['apple', 'bread', 'lasagna_bolognese', 'meat', 'fennel_gratin']"
20151221_121507_2,"['cake', 'pasta', 'salty_cake', 'wet_zucchini']"
20151127_123652_2,"['pizzoccheri', 'spinach', 'pizza']"
20151204_120630,['pizza']
20151127_123116_3,"['bread', 'pizza', 'pizzoccheri', 'pudding']"
20151204_124439_3,"['lasagna_bolognese', 'cutlet', 'fennel_gratin']"
20151204_121406,"['orange', 'lasagna_bolognese', 'cutlet', 'fennel_gratin']"
20151203_130620,"['pudding', 'bread', 'pasta']"
20151127_130350_2,"['bread', 'yogurt', 'spinach', 'savory_pie', 'pizzoccheri']"
20151204_133527_2,"['bread', 'orange', 'fennel_gratin', 'fennel_gratin', 'spinach', 'spinach']"
20151211_124402,"['rice', 'green_beans']"
20151127_125814_3,"['cake', 'pizzoccheri', 'carrot', 'savory_pie']"
20151127_130141,"['salad', 'pasta']"
20151204_121520_1,"['orange', 'pasta', 'scallops', 'fennel_gratin']"
20151221_133353_2,['soup']
20151211_123422_2,"['pasta', 'fillet_fish', 'potatoes']"
20151221_123544_1,"['cake', 'pizza']"
20151211_134842,"['pudding', 'pasta', 'meat', 'potatoes']"
20151221_125807_3,"['yogurt', 'soup', 'salmon']"
20151130_122412_1,"['bread', 'yogurt', 'pasta', 'cutlet', 'peas']"
20151221_121111,"['bread', 'meat', 'wet_zucchini']"
20151203_130529,"['yogurt', 'pasta', 'meat', 'carrot']"
20151127_131948_2,"['orange', 'bread', 'pasta', 'fillet_fish', 'green_beans']"
20151127_120723,"['bread', 'pizzoccheri', 'fries']"
20151221_130104_3,['salmon']
20151204_132523,['pasta']
20151211_140606,"['rice', 'green_beans']"
20151204_130950,"['bread', 'rice', 'fennel_gratin']"
20151204_132616,"['bread', 'pudding', 'pasta', 'cutlet', 'fennel_gratin']"
20151127_120643_2,"['bread', 'pizzoccheri', 'meat', 'potatoes']"
20151203_123344,"['wet_zucchini', 'scallops']"
20151204_132656,"['bread', 'yogurt', 'pasta', 'cutlet', 'carrot']"
20151204_115241,['pizza']
20151127_131713_2,"['tangerine', 'tangerine', 'tangerine', 'pizzoccheri', 'savory_pie', 'green_beans', 'spinach']"
20151127_132824_2,"['bread', 'yogurt', 'fries', 'fillet_fish']"
20151127_123116_1,"['bread', 'pizza', 'pizzoccheri', 'pudding']"
20151204_114754,"['orange', 'orange', 'lasagna_bolognese', 'meat', 'fennel_gratin', 'spinach']"
20151221_122828_3,"['salmon', 'carrot', 'pasta']"
20151211_124420_2,"['bread', 'orange', 'rice', 'fillet_fish', 'spinach']"
20151204_122630_1,"['lasagna_bolognese', 'cutlet', 'fries', 'cake']"
20151221_123043_2,"['bread', 'tangerine', 'tangerine', 'soup', 'salmon', 'potatoes']"
20151127_122532_3,"['savory_pie', 'pizzoccheri']"
20151203_131206,"['bread', 'bread', 'tangerine', 'tangerine', 'fries', 'pasta', 'meat']"
20151127_141009,"['bread', 'pasta', 'meat', 'spinach']"
20151203_131745_2,"['bread', 'tangerine', 'pasta', 'squid_stew', 'wet_zucchini', 'carrot']"
20151204_131821_1,"['orange', 'salty_cake', 'spinach', 'carrot', 'rice']"
20151211_132821,"['pasta', 'meat', 'potatoes']"
20151130_121642,"['orange', 'potatoes', 'carrot', 'rice']"
20151127_125829,"['bread', 'potatoes', 'savory_pie', 'pizzoccheri']"
20151221_132555,"['bread', 'apple', 'pasta', 'salmon', 'potatoes']"
20151127_125814,"['cake', 'pizzoccheri', 'carrot', 'savory_pie']"
20151127_121137_2,"['pizzoccheri', 'green_beans']"
20151204_120117_2,"['carrot', 'bread', 'salad']"
20151130_120958_2,"['bread', 'pasta', 'meat', 'peas']"
20151203_122411_2,"['bread', 'squid_stew']"
20151211_120432_3,"['bread', 'rice', 'bruscitt', 'potatoes', 'pears']"
20151204_131821_2,"['orange', 'salty_cake', 'spinach', 'carrot', 'rice']"
20151221_121712_3,"['pasta', 'salty_cake', 'carrot']"
20151221_130026,"['bread', 'bread', 'yogurt', 'pasta', 'meat', 'carrot']"
20151127_132952,"['bread', 'bread', 'pasta', 'yogurt', 'savory_pie', 'green_beans']"
20151127_123415,"['bread', 'soup', 'scallops', 'green_beans', 'yogurt']"
20151127_134910,"['yogurt', 'pasta', 'savory_pie', 'carrot']"
20151127_121434,"['yogurt', 'spinach', 'meat', 'pasta']"
20151204_133650_2,"['pears', 'pizza']"
20151127_131034,"['bread', 'bread', 'pasta']"
20151211_122133,"['bread', 'pasta', 'green_beans', 'spinach']"
20151221_124849_1,"['bread', 'orange', 'pasta', 'salty_cake', 'carrot']"
20151127_120128_3,"['cake', 'pasta', 'cutlet']"
20151221_132837,"['yogurt', 'pizza']"
20151221_123559_2,"['bread', 'yogurt', 'pasta', 'salty_cake', 'carrot']"
20151130_115637,['pasta']
20151211_124825,"['bread', 'pasta', 'bruscitt', 'potatoes', 'banana']"
20151204_132033,"['yogurt', 'pasta', 'cutlet', 'fennel_gratin']"
20151211_122741,"['bread', 'pasta', 'green_beans', 'potatoes']"
20151204_123929_2,"['bread', 'pears', 'rice', 'meat', 'fennel_gratin']"
20151204_121844,"['scallops', 'wet_zucchini', 'pasta']"
20151221_122118,"['pudding', 'pasta', 'meat', 'potatoes']"
20151211_1422190,['meat']
20151211_124724,"['bread', 'pasta', 'savory_pie', 'potatoes']"
20151221_113425_1,"['apple', 'salad', 'salmon', 'carrot']"
20151130_120455,"['bread', 'pasta', 'carrot']"
20151221_121154_1,"['bread', 'rice', 'salty_cake', 'wet_zucchini']"
20151211_130709,"['bread', 'yogurt', 'pasta', 'fillet_fish', 'potatoes']"
20151130_114818_3,"['pasta', 'cutlet', 'peas', 'yogurt']"
20151221_113328,['pasta']
20151204_115911_2,"['cutlet', 'fennel_gratin']"
20151127_125829_3,"['bread', 'potatoes', 'savory_pie', 'pizzoccheri']"
20151221_131301_2,"['bread', 'pasta', 'salmon', 'potatoes']"
20151203_130958,"['bread', 'pears', 'pasta', 'squid_stew', 'carrot']"
20151211_133233,"['bread', 'tangerine', 'tangerine', 'pasta', 'meat', 'green_beans']"
20151204_131702,"['bread', 'rice', 'salty_cake', 'carrot']"
20151204_120423_3,"['lasagna_bolognese', 'cutlet', 'fennel_gratin']"
20151221_134018_1,"['bread', 'apple', 'salad', 'scallops', 'rice']"
20151211_123327_1,"['pasta', 'cutlet', 'spinach', 'bread', 'banana']"
20151127_134433_2,"['bread', 'pears', 'pasta', 'savory_pie', 'green_beans']"
20151127_132413_3,"['yogurt', 'soup', 'savory_pie', 'green_beans']"
20151221_133902_1,"['soup', 'carrot']"
20151211_134530_2,"['bread', 'pudding', 'pasta', 'bruscitt', 'potatoes']"
20151221_121712,"['pasta', 'salty_cake', 'carrot']"
20151127_120128_2,"['cake', 'pasta', 'cutlet']"
20151127_130511_3,"['bread', 'pudding', 'salad', 'meat', 'pizzoccheri']"
20151221_123559_1,"['bread', 'yogurt', 'pasta', 'salty_cake', 'carrot']"
20151221_131301_3,"['bread', 'pasta', 'salmon', 'potatoes']"
20151211_114703,['banana']
20151204_130615_1,"['pasta', 'fennel_gratin', 'carrot']"
20151127_133149,"['bread', 'pudding', 'carrot', 'pasta']"
20151221_1231230_3,"['tangerine', 'tangerine', 'pasta', 'salmon', 'carrot', 'wet_zucchini']"
20151130_115239_1,"['tangerine', 'tangerine', 'pizza', 'salad']"
20151211_124745_2,"['bread', 'pasta', 'bruscitt', 'potatoes', 'yogurt']"
20151221_124359,"['bread', 'apple', 'pasta', 'meat', 'wet_zucchini']"
20151204_114641_3,"['yogurt', 'pasta', 'spinach', 'salad']"
20151221_114930,"['bread', 'pasta', 'salty_cake', 'wet_zucchini', 'pudding']"
20151221_133902_3,"['soup', 'carrot']"
20151211_135013,"['yogurt', 'pasta', 'meat', 'green_beans']"
20151211_124825_1,"['bread', 'pasta', 'bruscitt', 'potatoes', 'banana']"
20151221_133957,"['salad', 'meat', 'wet_zucchini']"
20151204_131512_3,"['pasta', 'salty_cake', 'apple', 'salad']"
20151204_132033_2,"['yogurt', 'pasta', 'cutlet', 'fennel_gratin']"
20151204_130528,"['pasta', 'carrot', 'spinach']"
20151221_135140,"['bread', 'apple', 'pasta', 'scallops', 'potatoes']"
20151127_115229,"['yogurt', 'bread', 'pasta', 'savory_pie', 'potatoes']"
20151127_123952_3,"['bread', 'tangerine', 'tangerine', 'pizzoccheri', 'potatoes', 'savory_pie']"
20151211_131357,['pasta']
20151221_123043_1,"['bread', 'tangerine', 'tangerine', 'soup', 'salmon', 'potatoes']"
20151204_122936,"['lasagna_bolognese', 'spinach']"
20151221_123559,"['bread', 'yogurt', 'pasta', 'salty_cake', 'carrot']"
20151221_124906_1,"['bread', 'orange', 'pasta', 'salty_cake', 'carrot']"
20151130_114923_2,"['tangerine', 'tangerine', 'tangerine', 'savory_pie', 'peas']"
20151211_1250240,"['rice', 'potatoes', 'green_beans', 'tangerine', 'tangerine']"
20151130_114552_3,"['pasta', 'cutlet', 'peas']"
20151127_130936_1,['pizzoccheri']
20151204_121506_2,"['apple', 'salad', 'salty_cake', 'wet_zucchini', 'fennel_gratin']"
20151130_115339,"['pasta', 'cutlet', 'fries']"
20151221_123903,"['salad', 'pasta']"
20151211_130224,"['bread', 'pasta', 'meat', 'green_beans', 'spinach']"
20151127_125050,"['orange', 'pasta', 'scallops', 'spinach']"
20151211_120432,"['bread', 'rice', 'bruscitt', 'potatoes', 'pears']"
20151127_130350_1,"['bread', 'yogurt', 'spinach', 'savory_pie', 'pizzoccheri']"
20151130_115202_1,"['pudding', 'pasta', 'cutlet', 'peas']"
20151127_125457_1,"['bread', 'pizzoccheri']"
20151211_123422_3,"['pasta', 'fillet_fish', 'potatoes']"
20151211_133329,"['bread', 'yogurt', 'pasta', 'savory_pie', 'green_beans']"
20151211_121401,['orange']
20151204_114130,"['salad', 'rice']"
20151221_123043_3,"['bread', 'tangerine', 'tangerine', 'soup', 'salmon', 'potatoes']"
20151211_132539,"['pasta', 'potatoes', 'green_beans']"
20151204_120117_3,"['carrot', 'bread', 'salad']"
20151204_124821_2,"['bread', 'lasagna_bolognese', 'salty_cake', 'wet_zucchini']"
20151130_114619_1,"['bread', 'orange', 'pasta', 'meat', 'peas']"
20151221_134043,['pasta']
20151221_122516_2,"['yogurt', 'pasta', 'salty_cake', 'carrot']"
20151204_123358,"['fries', 'meat']"
20151221_123252_1,"['bread', 'salad', 'salmon']"
20151127_141457,"['bread', 'pasta', 'meat', 'potatoes']"
20151221_125807_2,"['yogurt', 'soup', 'salmon']"
20151127_132859,['pasta']
20151221_132206_1,"['bread', 'salad', 'pasta']"
20151221_134224,"['scallops', 'potatoes']"
20151204_121118,"['bread', 'pasta']"
20151211_130709_1,"['bread', 'yogurt', 'pasta', 'fillet_fish', 'potatoes']"
20151211_121939_1,"['pasta', 'savory_pie', 'green_beans', 'potatoes', 'banana']"
20151221_123341_3,"['orange', 'orange', 'potatoes', 'salmon']"
20151221_122408_1,"['bread', 'yogurt', 'rice', 'salty_cake', 'carrot']"
20151130_121522_1,"['pasta', 'savory_pie', 'peas']"
20151211_124745_1,"['bread', 'pasta', 'bruscitt', 'potatoes', 'yogurt']"
20151221_134140,"['pudding', 'pudding', 'potatoes', 'scallops', 'wet_zucchini', 'carrot']"
20151221_132512_1,"['salmon', 'potatoes']"
20151211_122103,"['pudding', 'cutlet', 'green_beans', 'potatoes']"
20151211_122508,"['bread', 'pasta', 'cutlet', 'potatoes', 'pudding']"
20151204_1328290_1,"['yogurt', 'pasta', 'salty_cake', 'carrot']"
20151130_122412,"['bread', 'yogurt', 'pasta', 'cutlet', 'peas']"
20151211_123958,"['bread', 'pudding', 'carrot', 'rice']"
20151211_122634_2,"['bread', 'pasta', 'bruscitt', 'green_beans']"
20151204_113348,"['lasagna_bolognese', 'pears', 'cutlet', 'spinach']"
20151204_122112_3,"['lasagna_bolognese', 'cutlet', 'salad']"
20151221_120249,"['tangerine', 'tangerine', 'pizza']"
20151211_132154,"['pasta', 'savory_pie', 'green_beans']"
20151204_130806_3,"['orange', 'pasta', 'carrot', 'salty_cake']"
20151127_115424,"['pasta', 'potatoes', 'meat']"
20151127_131420_1,"['tangerine', 'tangerine', 'tangerine', 'pizzoccheri', 'meat', 'potatoes']"
20151204_122251,"['lasagna_bolognese', 'wet_zucchini']"
20151127_125829_2,"['bread', 'potatoes', 'savory_pie', 'pizzoccheri']"
20151204_131148_2,"['pears', 'salty_cake', 'pasta', 'salad']"
20151204_132616_2,"['bread', 'pudding', 'pasta', 'cutlet', 'fennel_gratin']"
20151204_121427,['pasta']
20151211_122634,"['bread', 'pasta', 'bruscitt', 'green_beans']"
20151130_121320_3,"['tangerine', 'cutlet', 'peas']"
20151204_115413_2,"['apple', 'lasagna_bolognese', 'cutlet', 'salad']"
20151127_123347,['pasta']
20151204_115924,"['bread', 'cutlet', 'pasta', 'spinach']"
20151130_115733,"['green_beans', 'pasta']"
20151211_122152,"['bread', 'fillet_fish', 'green_beans']"
20151211_124012_2,"['bread', 'rice', 'banana']"
20151221_133631_3,"['yogurt', 'pasta', 'salmon']"
20151211_122329,"['bread', 'orange', 'pasta', 'meat', 'potatoes']"
20151130_113406,"['bread', 'pears', 'pasta', 'meat', 'green_beans']"
20151221_123903_1,"['salad', 'pasta']"
20151203_131008,"['bread', 'pears', 'salad', 'meat', 'pasta']"
20151130_115115,"['bread', 'yogurt', 'pasta', 'cutlet']"
20151211_120725_1,"['bread', 'orange', 'pasta', 'bruscitt', 'spinach']"
20151127_130844,"['tangerine', 'tangerine', 'pizzoccheri', 'spinach', 'fillet_fish']"
20151211_123402_3,"['pasta', 'cake']"
20151127_131106_1,"['bread', 'pizzoccheri', 'meat', 'carrot']"
20151127_120002_3,"['bread', 'pizzoccheri', 'fillet_fish', 'spinach']"
20151221_134656_3,"['pasta', 'salty_cake', 'potatoes']"
20151204_124439_1,"['lasagna_bolognese', 'cutlet', 'fennel_gratin']"
20151204_114550_1,"['bread', 'yogurt', 'salad', 'lasagna_bolognese']"
20151211_125042_3,"['rice', 'savory_pie', 'potatoes', 'green_beans', 'banana']"
20151204_132001_3,"['bread', 'pasta', 'salty_cake', 'fennel_gratin']"
20151203_131136,"['fries', 'pasta']"
20151127_141355,"['green_beans', 'spinach']"
20151221_115523,"['bread', 'pasta', 'scallops', 'carrot']"
20151204_132509_2,"['yogurt', 'pasta', 'cutlet', 'fennel_gratin', 'carrot']"
20151211_132412_1,"['bread', 'pasta', 'fillet_fish', 'green_beans', 'banana']"
20151127_121953,"['pasta', 'fillet_fish', 'green_beans', 'spinach']"
20151204_120423,"['lasagna_bolognese', 'cutlet', 'fennel_gratin']"
20151221_125807_1,"['yogurt', 'soup', 'salmon']"
20151204_113341,"['pears', 'lasagna_bolognese', 'cutlet', 'spinach']"
20151204_123539_3,"['pears', 'lasagna_bolognese', 'cutlet', 'fennel_gratin']"
20151127_134537,"['bread', 'bread', 'pudding', 'pasta', 'savory_pie', 'green_beans']"
20151127_142534,"['bread', 'pasta', 'savory_pie', 'potatoes', 'green_beans']"
20151221_132206,"['bread', 'salad', 'pasta']"
20151211_113730,"['pasta', 'meat', 'potatoes']"
20151221_121950_2,"['bread', 'yogurt', 'pasta', 'salty_cake', 'potatoes']"
20151127_122446,"['cake', 'pizza']"
20151127_133650,"['savory_pie', 'green_beans', 'carrot']"
20151127_131450,"['bread', 'tangerine', 'tangerine', 'pasta', 'potatoes', 'savory_pie']"
20151130_113525,"['orange', 'pasta', 'meat', 'green_beans']"
20151211_115730,['pasta']
20151211_134625_1,"['pasta', 'fillet_fish', 'potatoes']"
20151204_122900_1,"['lasagna_bolognese', 'cutlet', 'fennel_gratin']"
20151221_133608_1,"['yogurt', 'pasta', 'salty_cake', 'wet_zucchini']"
20151221_122144,"['bread', 'pudding', 'pasta', 'salty_cake', 'carrot']"
20151211_123227,"['savory_pie', 'spinach']"
20151130_114910,"['bread', 'bread', 'tangerine', 'tangerine', 'tangerine', 'pasta', 'cutlet', 'peas']"
20151127_124120_3,"['salad', 'pizza']"
20151221_131502_1,"['pasta', 'salty_cake', 'carrot']"
20151211_132332,"['bread', 'pudding', 'pasta', 'meat', 'green_beans', 'spinach']"
20151127_131420_3,"['tangerine', 'tangerine', 'tangerine', 'pizzoccheri', 'meat', 'potatoes']"
20151204_120525,"['bread', 'apple', 'pasta']"
20151127_131209,['pizzoccheri']
20151130_114552,"['pasta', 'cutlet', 'peas']"
20151203_121641,"['bread', 'orange', 'fries', 'pasta', 'meat']"
20151211_121425,"['bread', 'tangerine', 'tangerine', 'pudding', 'bruscitt', 'green_beans']"
20151204_130447,"['bread', 'pasta', 'cutlet', 'spinach', 'fennel_gratin']"
20151130_121105,"['bread', 'pudding', 'pasta', 'cutlet', 'potatoes']"
20151204_123129,"['yogurt', 'salad', 'cutlet', 'lasagna_bolognese']"
20151221_124217_2,"['bread', 'bread', 'yogurt', 'pasta', 'salmon', 'carrot']"
20151211_134749,"['bread', 'bread', 'tangerine', 'tangerine', 'rice', 'savory_pie', 'green_beans']"
20151221_125818_1,"['bread', 'apple', 'salad', 'scallops', 'pasta']"
20151127_130733,"['apple', 'pudding', 'pasta']"
20151204_114754_1,"['orange', 'orange', 'lasagna_bolognese', 'meat', 'fennel_gratin', 'spinach']"
20151203_124501,"['carrot', 'meat', 'pasta']"
20151127_121406,['salad']
20151221_115219,"['tangerine', 'tangerine', 'pasta', 'scallops', 'carrot']"
20151127_131130,"['bread', 'bread', 'apple', 'pasta', 'meat', 'potatoes']"
20151127_120208,['pizzoccheri']
20151127_125520,"['tangerine', 'tangerine', 'apple', 'salad', 'pasta']"
20151130_122101_1,"['yogurt', 'cutlet', 'peas', 'salad']"
20151221_122144_1,"['bread', 'pudding', 'pasta', 'salty_cake', 'carrot']"
20151130_120353,"['yogurt', 'pasta', 'cutlet', 'carrot']"
20151204_121406_1,"['orange', 'lasagna_bolognese', 'cutlet', 'fennel_gratin']"
20151211_133341_3,"['bread', 'pasta', 'meat', 'potatoes', 'banana']"
20151221_132040_3,"['soup', 'salty_cake', 'carrot']"
20151211_140142,"['rice', 'potatoes', 'green_beans']"
20151204_1310480_2,"['pears', 'pasta', 'cutlet', 'carrot']"
20151204_120102_3,"['cake', 'lasagna_bolognese']"
20151204_123539_1,"['pears', 'lasagna_bolognese', 'cutlet', 'fennel_gratin']"
20151221_131909_1,"['salty_cake', 'wet_zucchini']"
20151221_134638_1,"['salmon', 'potatoes', 'pasta']"
20151130_114633_3,"['bread', 'pasta', 'meat', 'peas']"
20151211_125736,"['bread', 'pasta', 'savory_pie', 'potatoes']"
20151127_122715_1,"['bread', 'soup', 'green_beans', 'potatoes', 'meat']"
20151211_134640,"['apple', 'apple', 'pasta', 'green_beans']"
20151211_1335070_2,"['tangerine', 'tangerine', 'tangerine', 'fries', 'pasta', 'bruscitt']"
20151204_134339_1,"['scallops', 'fennel_gratin', 'pasta']"
20151221_121132,"['rice', 'carrot', 'apple']"
20151204_120743_3,"['yogurt', 'lasagna_bolognese', 'meat', 'fennel_gratin']"
20151204_113839_1,"['bread', 'lasagna_bolognese', 'fennel_gratin', 'pears']"
20151221_123614,"['pudding', 'pasta', 'scallops', 'carrot']"
20151130_121249_2,"['pudding', 'pasta', 'meat', 'peas']"
20151221_131909_2,"['salty_cake', 'wet_zucchini']"
20151204_123929_3,"['bread', 'pears', 'rice', 'meat', 'fennel_gratin']"
20151127_140410,"['bread', 'bread', 'meat', 'potatoes']"
20151204_134947,['pasta']
20151204_122112,"['lasagna_bolognese', 'cutlet', 'salad']"
20151127_120643,"['bread', 'pizzoccheri', 'meat', 'potatoes']"
20151221_120613,"['bread', 'bread', 'pasta']"
20151127_132136,['pizza']
20151204_122501_3,"['bread', 'bread', 'lasagna_bolognese', 'cutlet', 'spinach', 'cake']"
20151127_121953_2,"['pasta', 'fillet_fish', 'green_beans', 'spinach']"
20151130_115239_3,"['tangerine', 'tangerine', 'pizza', 'salad']"
20151130_121414_2,"['savory_pie', 'peas']"
20151203_121413,"['pasta', 'carrot']"
20151211_130638_1,"['bread', 'fillet_fish', 'potatoes']"
20151203_124923_2,"['bread', 'pasta', 'squid_stew', 'carrot']"
20151127_131209_3,['pizzoccheri']
20151130_122317_1,"['yogurt', 'peas', 'cutlet']"
20151204_122501_2,"['bread', 'bread', 'lasagna_bolognese', 'cutlet', 'spinach', 'cake']"
20151204_122327,['pasta']
20151130_121522,"['pasta', 'savory_pie', 'peas']"
20151221_134656_1,"['pasta', 'salty_cake', 'potatoes']"
20151127_131106_3,"['bread', 'pizzoccheri', 'meat', 'carrot']"
20151204_122434,"['orange', 'bread', 'bread', 'lasagna_bolognese', 'meat', 'spinach']"
20151211_131312_3,"['bread', 'bread', 'pears', 'pasta', 'savory_pie', 'potatoes']"
20151204_114641_1,"['yogurt', 'pasta', 'spinach', 'salad']"
20151204_131306,['pasta']
20151221_120823,"['pasta', 'carrot']"
20151211_125223,"['bread', 'pasta']"
20151211_121101,"['meat', 'green_beans']"
20151130_115848_2,"['rice', 'peas']"
20151204_120423_1,"['lasagna_bolognese', 'cutlet', 'fennel_gratin']"
20151127_132002_3,"['bread', 'pudding', 'pasta', 'fillet_fish', 'green_beans', 'carrot']"
20151130_114733,"['pasta', 'cutlet', 'peas']"
20151204_133527_3,"['bread', 'orange', 'fennel_gratin', 'fennel_gratin', 'spinach', 'spinach']"
20151127_125714_2,"['bread', 'pudding', 'pizzoccheri', 'meat', 'carrot']"
